year,month,observed_profiles,expected_profiles,completeness_percent
1999,10,21,62,33.87096774193548
1999,11,18,60,30.0
1999,12,20,62,32.25806451612903
2000,1,22,62,35.483870967741936
2000,2,29,58,50.0
2000,3,21,62,33.87096774193548
2000,4,19,60,31.666666666666664
2000,5,38,62,61.29032258064516
2000,6,33,60,55.00000000000001
2000,7,31,62,50.0
2000,8,31,62,50.0
2000,9,30,60,50.0
2000,10,31,62,50.0
2000,11,30,60,50.0
2000,12,31,62,50.0
2001,1,31,62,50.0
2001,2,28,56,50.0
2001,3,28,62,45.16129032258064
2001,4,29,60,48.333333333333336
2001,5,61,62,98.38709677419355
2001,6,57,60,95.0
2001,7,61,62,98.38709677419355
2001,8,47,62,75.80645161290323
2001,9,57,60,95.0
2001,10,61,62,98.38709677419355
2001,11,60,60,100.0
2001,12,61,62,98.38709677419355
2002,1,61,62,98.38709677419355
2002,2,56,56,100.0
2002,3,56,62,90.32258064516128
2002,4,57,60,95.0
2002,5,61,62,98.38709677419355
2002,6,59,60,98.33333333333333
2002,7,45,62,72.58064516129032
2002,8,62,62,100.0
2002,9,59,60,98.33333333333333
2002,10,62,62,100.0
2002,11,60,60,100.0
2002,12,62,62,100.0
2003,1,62,62,100.0
2003,2,55,56,98.21428571428571
2003,3,62,62,100.0
2003,4,52,60,86.66666666666667
2003,5,46,62,74.19354838709677
2003,6,59,60,98.33333333333333
2003,7,61,62,98.38709677419355
2003,8,58,62,93.54838709677419
2003,9,56,60,93.33333333333333
2003,10,36,62,58.06451612903226
2003,11,30,60,50.0
2003,12,31,62,50.0
2004,1,31,62,50.0
2004,2,27,58,46.55172413793103
2004,3,30,62,48.38709677419355
2004,4,29,60,48.333333333333336
2004,5,31,62,50.0
2004,6,28,60,46.666666666666664
2004,7,30,62,48.38709677419355
2004,8,31,62,50.0
2004,9,28,60,46.666666666666664
2004,10,30,62,48.38709677419355
2004,11,30,60,50.0
2004,12,32,62,51.61290322580645
2005,1,62,62,100.0
2005,2,56,56,100.0
2005,3,61,62,98.38709677419355
2005,4,59,60,98.33333333333333
2005,5,61,62,98.38709677419355
2005,6,60,60,100.0
2005,7,47,62,75.80645161290323
2005,8,61,62,98.38709677419355
2005,9,60,60,100.0
2005,10,62,62,100.0
2005,11,59,60,98.33333333333333
2005,12,62,62,100.0
2006,1,62,62,100.0
2006,2,56,56,100.0
2006,3,61,62,98.38709677419355
2006,4,60,60,100.0
2006,5,62,62,100.0
2006,6,60,60,100.0
2006,7,61,62,98.38709677419355
2006,8,61,62,98.38709677419355
2006,9,60,60,100.0
2006,10,61,62,98.38709677419355
2006,11,60,60,100.0
2006,12,62,62,100.0
2007,1,62,62,100.0
2007,2,56,56,100.0
2007,3,61,62,98.38709677419355
2007,4,37,60,61.66666666666667
2007,5,59,62,95.16129032258065
2007,6,60,60,100.0
2007,7,62,62,100.0
2007,8,62,62,100.0
2007,9,60,60,100.0
2007,10,62,62,100.0
2007,11,60,60,100.0
2007,12,61,62,98.38709677419355
2008,1,62,62,100.0
2008,2,58,58,100.0
2008,3,62,62,100.0
2008,4,58,60,96.66666666666667
2008,5,59,62,95.16129032258065
2008,6,60,60,100.0
2008,7,61,62,98.38709677419355
2008,8,61,62,98.38709677419355
2008,9,60,60,100.0
2008,10,61,62,98.38709677419355
2008,11,60,60,100.0
2008,12,62,62,100.0
2009,1,62,62,100.0
2009,2,56,56,100.0
2009,3,62,62,100.0
2009,4,59,60,98.33333333333333
2009,5,60,62,96.7741935483871
2009,6,60,60,100.0
2009,7,61,62,98.38709677419355
2009,8,61,62,98.38709677419355
2009,9,60,60,100.0
2009,10,62,62,100.0
2009,11,60,60,100.0
2009,12,62,62,100.0
2010,1,62,62,100.0
2010,2,56,56,100.0
2010,3,62,62,100.0
2010,4,60,60,100.0
2010,5,62,62,100.0
2010,6,59,60,98.33333333333333
2010,7,60,62,96.7741935483871
2010,8,62,62,100.0
2010,9,60,60,100.0
2010,10,62,62,100.0
2010,11,60,60,100.0
2010,12,62,62,100.0
2011,1,62,62,100.0
2011,2,56,56,100.0
2011,3,62,62,100.0
2011,4,59,60,98.33333333333333
2011,5,62,62,100.0
2011,6,60,60,100.0
2011,7,62,62,100.0
2011,8,61,62,98.38709677419355
2011,9,60,60,100.0
2011,10,62,62,100.0
2011,11,60,60,100.0
2011,12,62,62,100.0
2012,1,62,62,100.0
2012,2,58,58,100.0
2012,3,62,62,100.0
2012,4,60,60,100.0
2012,5,62,62,100.0
2012,6,59,60,98.33333333333333
2012,7,59,62,95.16129032258065
2012,8,61,62,98.38709677419355
2012,9,60,60,100.0
2012,10,61,62,98.38709677419355
2012,11,58,60,96.66666666666667
2012,12,62,62,100.0
2013,1,62,62,100.0
2013,2,56,56,100.0
2013,3,62,62,100.0
2013,4,60,60,100.0
2013,5,62,62,100.0
2013,6,59,60,98.33333333333333
2013,7,62,62,100.0
2013,8,62,62,100.0
2013,9,59,60,98.33333333333333
2013,10,62,62,100.0
2013,11,60,60,100.0
2013,12,62,62,100.0
2014,1,62,62,100.0
2014,2,56,56,100.0
2014,3,62,62,100.0
2014,4,60,60,100.0
2014,5,62,62,100.0
2014,6,59,60,98.33333333333333
2014,7,62,62,100.0
2014,8,61,62,98.38709677419355
2014,9,58,60,96.66666666666667
2014,10,62,62,100.0
2014,11,60,60,100.0
2014,12,62,62,100.0
2015,1,31,62,50.0
2015,2,28,56,50.0
2015,3,31,62,50.0
2015,4,60,60,100.0
2015,5,62,62,100.0
2015,6,59,60,98.33333333333333
2015,7,62,62,100.0
2015,8,62,62,100.0
2015,9,59,60,98.33333333333333
2015,10,62,62,100.0
2015,11,60,60,100.0
2015,12,62,62,100.0
2016,1,62,62,100.0
2016,2,58,58,100.0
2016,3,62,62,100.0
2016,4,60,60,100.0
2016,5,62,62,100.0
2016,6,60,60,100.0
2016,7,62,62,100.0
2016,8,62,62,100.0
2016,9,60,60,100.0
2016,10,62,62,100.0
2016,11,60,60,100.0
2016,12,60,62,96.7741935483871
2017,1,62,62,100.0
2017,2,56,56,100.0
2017,3,62,62,100.0
2017,4,60,60,100.0
2017,5,62,62,100.0
2017,6,59,60,98.33333333333333
2017,7,62,62,100.0
2017,8,61,62,98.38709677419355
2017,9,58,60,96.66666666666667
2017,10,62,62,100.0
2017,11,60,60,100.0
2017,12,62,62,100.0
2018,1,62,62,100.0
2018,2,56,56,100.0
2018,3,62,62,100.0
2018,4,60,60,100.0
2018,5,62,62,100.0
2018,6,60,60,100.0
2018,7,62,62,100.0
2018,8,62,62,100.0
2018,9,60,60,100.0
2018,10,62,62,100.0
2018,11,60,60,100.0
2018,12,62,62,100.0
2019,1,62,62,100.0
2019,2,56,56,100.0
2019,3,62,62,100.0
2019,4,60,60,100.0
2019,5,62,62,100.0
2019,6,60,60,100.0
2019,7,62,62,100.0
2019,8,62,62,100.0
2019,9,60,60,100.0
2019,10,62,62,100.0
2019,11,60,60,100.0
2019,12,62,62,100.0
2020,1,62,62,100.0
2020,2,57,58,98.27586206896551
2020,3,62,62,100.0
2020,4,60,60,100.0
2020,5,61,62,98.38709677419355
2020,6,60,60,100.0
2020,7,60,62,96.7741935483871
2020,8,62,62,100.0
2020,9,60,60,100.0
2020,10,62,62,100.0
2020,11,58,60,96.66666666666667
2020,12,62,62,100.0
2021,1,62,62,100.0
2021,2,56,56,100.0
2021,3,62,62,100.0
2021,4,60,60,100.0
2021,5,62,62,100.0
2021,6,59,60,98.33333333333333
2021,7,62,62,100.0
2021,8,62,62,100.0
2021,9,57,60,95.0
2021,10,62,62,100.0
2021,11,60,60,100.0
2021,12,62,62,100.0
2022,1,62,62,100.0
2022,2,56,56,100.0
2022,3,62,62,100.0
2022,4,60,60,100.0
2022,5,62,62,100.0
2022,6,58,60,96.66666666666667
2022,7,62,62,100.0
2022,8,62,62,100.0
2022,9,60,60,100.0
2022,10,62,62,100.0
2022,11,60,60,100.0
2022,12,62,62,100.0
2023,1,62,62,100.0
2023,2,56,56,100.0
2023,3,62,62,100.0
2023,4,60,60,100.0
2023,5,62,62,100.0
2023,6,60,60,100.0
2023,7,62,62,100.0
2023,8,62,62,100.0
2023,9,60,60,100.0
2023,10,62,62,100.0
2023,11,60,60,100.0
2023,12,62,62,100.0
2024,1,62,62,100.0
2024,2,58,58,100.0
2024,3,62,62,100.0
2024,4,60,60,100.0
2024,5,62,62,100.0
2024,6,60,60,100.0
2024,7,62,62,100.0
2024,8,62,62,100.0
2024,9,60,60,100.0
2024,10,62,62,100.0
2024,11,60,60,100.0
2024,12,62,62,100.0
2025,1,62,62,100.0
2025,2,56,56,100.0
2025,3,62,62,100.0
2025,4,60,60,100.0
2025,5,62,62,100.0
2025,6,60,60,100.0
2025,7,62,62,100.0
2025,8,62,62,100.0
2025,9,60,60,100.0
2025,10,62,62,100.0
2025,11,60,60,100.0
2025,12,62,62,100.0
2026,1,53,62,85.48387096774194
2026,2,56,56,100.0
2026,3,62,62,100.0
2026,4,60,60,100.0
2026,5,62,62,100.0
2026,6,60,60,100.0
2026,7,38,38,100.0
