year,pressure_hpa,median_temperature_c,q25,q75,profiles
1999,500.0,-37.999999999999986,-42.39999999999997,-30.749999999999986,58
1999,700.0,-25.09999999999998,-29.19999999999998,-18.899999999999977,58
1999,850.0,-19.99999999999997,-25.599999999999987,-14.599999999999994,58
1999,925.0,-19.59999999999997,-25.39999999999997,-13.199999999999973,46
2000,500.0,-30.799999999999983,-38.89999999999998,-18.299999999999983,330
2000,700.0,-15.299999999999956,-25.299999999999983,-2.9499999999999744,330
2000,850.0,-6.399999999999977,-21.69999999999999,6.950000000000003,330
2000,925.0,-2.799999999999983,-22.69999999999999,11.0,300
2001,500.0,-27.69999999999999,-37.69999999999999,-17.49999999999997,577
2001,700.0,-13.699999999999989,-23.69999999999999,-2.6999999999999886,577
2001,850.0,-6.2999999999999545,-18.899999999999977,6.800000000000011,577
2001,925.0,-2.5,-17.899999999999977,10.800000000000011,488
2002,500.0,-30.299999999999983,-37.69999999999999,-18.899999999999977,691
2002,700.0,-15.899999999999975,-24.09999999999997,-2.9999999999999716,691
2002,850.0,-8.899999999999977,-18.399999999999977,6.2000000000000455,691
2002,925.0,-5.099999999999966,-18.34999999999998,11.25000000000004,620
2003,500.0,-30.899999999999977,-38.04999999999997,-18.949999999999974,606
2003,700.0,-15.699999999999989,-24.84999999999998,-4.2999999999999545,606
2003,850.0,-5.699999999999989,-18.24999999999998,5.800000000000011,606
2003,925.0,-2.8999999999999773,-18.09999999999997,10.200000000000044,525
2004,500.0,-31.899999999999977,-38.49999999999997,-19.49999999999997,353
2004,700.0,-17.69999999999999,-25.49999999999997,-5.099999999999966,353
2004,850.0,-9.5,-21.299999999999983,2.400000000000034,353
2004,925.0,-6.2999999999999545,-22.24999999999998,6.800000000000011,306
2005,500.0,-30.09999999999997,-38.29999999999998,-19.899999999999977,686
2005,700.0,-15.699999999999989,-24.899999999999977,-4.699999999999989,686
2005,850.0,-8.099999999999966,-21.69999999999999,5.0,686
2005,925.0,-6.199999999999989,-23.69999999999999,8.0,596
2006,500.0,-31.09999999999997,-39.89999999999998,-18.899999999999977,711
2006,700.0,-16.5,-26.299999999999983,-2.799999999999983,711
2006,850.0,-8.5,-21.69999999999999,5.900000000000006,711
2006,925.0,-7.999999999999972,-22.49999999999997,8.800000000000011,614
2007,500.0,-29.09999999999997,-37.89999999999998,-17.49999999999997,698
2007,700.0,-15.299999999999956,-24.69999999999999,-3.149999999999963,698
2007,850.0,-7.899999999999977,-19.49999999999997,5.800000000000011,698
2007,925.0,-4.899999999999977,-18.649999999999984,9.150000000000032,618
2008,500.0,-29.899999999999977,-38.29999999999998,-18.649999999999984,712
2008,700.0,-15.19999999999996,-24.949999999999974,-2.84999999999998,712
2008,850.0,-6.899999999999977,-20.09999999999997,7.0,712
2008,925.0,-2.6999999999999886,-18.09999999999997,11.400000000000034,625
2009,500.0,-30.99999999999997,-40.89999999999998,-18.24999999999998,716
2009,700.0,-15.299999999999956,-26.549999999999976,-3.099999999999966,716
2009,850.0,-6.899999999999977,-22.49999999999997,6.2000000000000455,716
2009,925.0,-4.5,-24.299999999999983,9.400000000000034,625
2010,500.0,-31.09999999999997,-38.89999999999998,-17.999999999999975,724
2010,700.0,-16.899999999999977,-25.69999999999999,-3.0499999999999687,724
2010,850.0,-8.599999999999994,-21.299999999999983,6.400000000000034,724
2010,925.0,-5.099999999999966,-23.899999999999977,10.150000000000032,638
2011,500.0,-29.399999999999977,-37.099999999999966,-20.299999999999983,726
2011,700.0,-15.5,-24.299999999999983,-4.349999999999966,726
2011,850.0,-7.399999999999977,-20.49999999999997,5.800000000000011,726
2011,925.0,-4.699999999999989,-20.69999999999999,9.400000000000034,645
2012,500.0,-29.299999999999983,-40.099999999999966,-17.99999999999997,723
2012,700.0,-14.699999999999989,-27.49999999999997,-3.099999999999966,723
2012,850.0,-9.699999999999989,-22.99999999999997,5.600000000000023,723
2012,925.0,-9.899999999999975,-25.09999999999997,8.600000000000023,637
2013,500.0,-28.59999999999998,-39.04999999999997,-19.549999999999976,714
2013,700.0,-14.799999999999983,-25.09999999999997,-4.699999999999989,714
2013,850.0,-7.599999999999994,-19.69999999999999,5.0,714
2013,925.0,-7.099999999999966,-20.899999999999977,9.0,605
2014,500.0,-30.49999999999997,-39.29999999999998,-17.099999999999966,717
2014,700.0,-15.699999999999989,-25.49999999999997,-1.8999999999999773,717
2014,850.0,-7.699999999999989,-20.69999999999999,7.400000000000034,717
2014,925.0,-4.899999999999977,-21.69999999999999,10.600000000000025,645
2015,500.0,-28.09999999999997,-37.29999999999998,-18.399999999999977,631
2015,700.0,-12.899999999999975,-22.899999999999977,-2.6999999999999886,631
2015,850.0,-5.099999999999966,-16.5,6.800000000000011,631
2015,925.0,-1.8999999999999773,-16.299999999999955,12.100000000000035,558
2016,500.0,-32.69999999999999,-39.69999999999999,-19.299999999999983,721
2016,700.0,-17.299999999999983,-26.49999999999997,-3.899999999999977,721
2016,850.0,-10.5,-21.49999999999997,5.0,721
2016,925.0,-6.5,-20.69999999999999,8.550000000000026,642
2017,500.0,-31.299999999999983,-38.69999999999999,-18.899999999999977,721
2017,700.0,-17.299999999999983,-24.49999999999997,-3.5,721
2017,850.0,-9.099999999999966,-18.299999999999983,5.600000000000023,721
2017,925.0,-6.399999999999977,-19.99999999999998,9.400000000000034,624
2018,500.0,-28.49999999999997,-39.69999999999999,-18.09999999999997,729
2018,700.0,-13.899999999999975,-26.49999999999997,-2.6999999999999886,729
2018,850.0,-6.899999999999977,-21.899999999999977,6.600000000000023,729
2018,925.0,-3.2999999999999545,-22.299999999999983,10.200000000000044,645
2019,500.0,-30.899999999999977,-37.69999999999999,-18.299999999999983,724
2019,700.0,-16.5,-24.149999999999974,-3.099999999999966,724
2019,850.0,-7.399999999999977,-18.949999999999974,7.0,724
2019,925.0,-4.5,-18.899999999999977,10.600000000000025,644
2020,500.0,-29.09999999999997,-38.099999999999966,-19.449999999999974,724
2020,700.0,-14.5,-23.899999999999977,-3.5,724
2020,850.0,-6.2999999999999545,-17.299999999999983,6.600000000000023,724
2020,925.0,-2.8999999999999773,-15.699999999999989,10.400000000000034,625
2021,500.0,-29.99999999999997,-39.099999999999966,-16.899999999999977,722
2021,700.0,-15.5,-26.449999999999974,-1.099999999999966,722
2021,850.0,-7.5,-20.84999999999998,7.800000000000011,722
2021,925.0,-3.899999999999977,-21.69999999999999,11.000000000000028,631
2022,500.0,-32.49999999999997,-38.49999999999997,-19.69999999999999,724
2022,700.0,-18.49999999999997,-24.09999999999997,-3.899999999999977,724
2022,850.0,-8.699999999999989,-19.49999999999997,5.2000000000000455,724
2022,925.0,-5.2999999999999545,-21.299999999999983,7.0,593
2023,500.0,-29.299999999999983,-38.69999999999999,-19.69999999999999,725
2023,700.0,-14.5,-25.09999999999997,-4.099999999999966,725
2023,850.0,-7.299999999999954,-20.49999999999997,5.0,725
2023,925.0,-3.5,-19.299999999999983,10.600000000000025,630
2024,500.0,-30.69999999999999,-37.69999999999999,-19.899999999999977,729
2024,700.0,-16.099999999999966,-23.899999999999977,-3.6999999999999886,729
2024,850.0,-7.699999999999989,-19.49999999999997,6.2000000000000455,729
2024,925.0,-5.5,-18.299999999999983,10.850000000000009,644
2025,500.0,-30.99999999999997,-39.099999999999966,-18.899999999999977,722
2025,700.0,-16.599999999999994,-24.49999999999997,-3.899999999999977,722
2025,850.0,-8.699999999999989,-19.299999999999983,5.600000000000023,722
2025,925.0,-7.299999999999954,-20.399999999999977,9.800000000000011,595
2026,500.0,-31.69999999999999,-37.49999999999997,-19.299999999999983,377
2026,700.0,-16.299999999999955,-23.49999999999997,-4.699999999999989,377
2026,850.0,-6.899999999999977,-19.69999999999999,5.2000000000000455,377
2026,925.0,-4.2999999999999545,-22.399999999999977,8.700000000000017,319
