profile_id,station_name,source_file,station_id,subset_index,report_datetime_utc,data_status,REC,OBS,REPORT TIME,WMO/STATION/SATELLITE ID,LATI-,LONGI-,STN,SEQ,VSIG,PRES,GEOPOT,FLVL,AIR,DEW-,REL,WIND,WIND.1,replication_index,pressure_hpa,geopotential_height_m,geopotential_m2s2,air_temperature_c,dew_point_temperature_c,wind_direction_deg,wind_speed,relative_humidity_percent,vertical_significance_code,VSIG_fxy,VSIG_unit,VSIG_kind,PRES_fxy,PRES_unit,PRES_kind,GEOPOT_fxy,GEOPOT_unit,GEOPOT_kind,FLVL_fxy,FLVL_unit,FLVL_kind,AIR_fxy,AIR_unit,AIR_kind,DEW-_fxy,DEW-_unit,DEW-_kind,REL_fxy,REL_unit,REL_kind,WIND_fxy,WIND_unit,WIND_kind,WIND.1_fxy,WIND.1_unit,WIND.1_kind
31004_19991002_1200_12,Aldan,gdex_data\raw\1999\gdas.adpupa.t12z.19991002.bufr,31004,1,1999-10-02T12:00:00,OK,ADPUPA,RAOBF,199910021200,31004,58.62,125.37,,1,SFC,935.0,,563.4,-3.099999999999966,-6.0,80.4,,,0,935.0,563.4,,-3.099999999999966,-6.0,,,80.4,64,008001,Flag table,numeric,007004,Pa,numeric,010008,m2 s-2,numeric,010009,gpm,numeric,012101,K,numeric,012103,K,numeric,013003,%,numeric,011001,degree true,numeric,011002,m/s,numeric
31004_19991002_1200_12,Aldan,gdex_data\raw\1999\gdas.adpupa.t12z.19991002.bufr,31004,1,1999-10-02T12:00:00,OK,ADPUPA,RAOBF,199910021200,31004,58.62,125.37,,2,TXPR,921.0,,688.8,-3.8999999999999773,-6.0,85.3,,,1,921.0,688.8,,-3.8999999999999773,-6.0,,,85.3,4,008001,Flag table,numeric,007004,Pa,numeric,010008,m2 s-2,numeric,010009,gpm,numeric,012101,K,numeric,012103,K,numeric,013003,%,numeric,011001,degree true,numeric,011002,m/s,numeric
31004_19991002_1200_12,Aldan,gdex_data\raw\1999\gdas.adpupa.t12z.19991002.bufr,31004,1,1999-10-02T12:00:00,OK,ADPUPA,RAOBF,199910021200,31004,58.62,125.37,,3,TXPR,729.0,,2587.9,-16.69999999999999,-17.899999999999977,90.4,,,2,729.0,2587.9,,-16.69999999999999,-17.899999999999977,,,90.4,4,008001,Flag table,numeric,007004,Pa,numeric,010008,m2 s-2,numeric,010009,gpm,numeric,012101,K,numeric,012103,K,numeric,013003,%,numeric,011001,degree true,numeric,011002,m/s,numeric
31004_19991002_1200_12,Aldan,gdex_data\raw\1999\gdas.adpupa.t12z.19991002.bufr,31004,1,1999-10-02T12:00:00,OK,ADPUPA,RAOBF,199910021200,31004,58.62,125.37,,4,TXPR,603.0,,4068.3,-26.099999999999966,-27.399999999999977,88.8,,,3,603.0,4068.3,,-26.099999999999966,-27.399999999999977,,,88.8,4,008001,Flag table,numeric,007004,Pa,numeric,010008,m2 s-2,numeric,010009,gpm,numeric,012101,K,numeric,012103,K,numeric,013003,%,numeric,011001,degree true,numeric,011002,m/s,numeric
31004_19991002_1200_12,Aldan,gdex_data\raw\1999\gdas.adpupa.t12z.19991002.bufr,31004,1,1999-10-02T12:00:00,OK,ADPUPA,RAOBF,199910021200,31004,58.62,125.37,,5,TXPR,539.0,,4918.9,-29.69999999999999,-31.99999999999997,80.4,,,4,539.0,4918.9,,-29.69999999999999,-31.99999999999997,,,80.4,4,008001,Flag table,numeric,007004,Pa,numeric,010008,m2 s-2,numeric,010009,gpm,numeric,012101,K,numeric,012103,K,numeric,013003,%,numeric,011001,degree true,numeric,011002,m/s,numeric
31004_19991002_1200_12,Aldan,gdex_data\raw\1999\gdas.adpupa.t12z.19991002.bufr,31004,1,1999-10-02T12:00:00,OK,ADPUPA,RAOBF,199910021200,31004,58.62,125.37,,6,TXPR,422.0,,6712.1,-41.89999999999998,-44.29999999999998,77.3,,,5,422.0,6712.1,,-41.89999999999998,-44.29999999999998,,,77.3,4,008001,Flag table,numeric,007004,Pa,numeric,010008,m2 s-2,numeric,010009,gpm,numeric,012101,K,numeric,012103,K,numeric,013003,%,numeric,011001,degree true,numeric,011002,m/s,numeric
31004_19991002_1200_12,Aldan,gdex_data\raw\1999\gdas.adpupa.t12z.19991002.bufr,31004,1,1999-10-02T12:00:00,OK,ADPUPA,RAOBF,199910021200,31004,58.62,125.37,,7,TXPR,269.0,,9801.4,-49.89999999999998,-52.89999999999998,70.5,,,6,269.0,9801.4,,-49.89999999999998,-52.89999999999998,,,70.5,4,008001,Flag table,numeric,007004,Pa,numeric,010008,m2 s-2,numeric,010009,gpm,numeric,012101,K,numeric,012103,K,numeric,013003,%,numeric,011001,degree true,numeric,011002,m/s,numeric
31004_19991002_1200_12,Aldan,gdex_data\raw\1999\gdas.adpupa.t12z.19991002.bufr,31004,1,1999-10-02T12:00:00,OK,ADPUPA,RAOBF,199910021200,31004,58.62,125.37,,8,TXPR,184.0,,12208.7,-50.099999999999966,-53.89999999999998,64.0,,,7,184.0,12208.7,,-50.099999999999966,-53.89999999999998,,,64.0,4,008001,Flag table,numeric,007004,Pa,numeric,010008,m2 s-2,numeric,010009,gpm,numeric,012101,K,numeric,012103,K,numeric,013003,%,numeric,011001,degree true,numeric,011002,m/s,numeric
31004_19991002_1200_12,Aldan,gdex_data\raw\1999\gdas.adpupa.t12z.19991002.bufr,31004,1,1999-10-02T12:00:00,OK,ADPUPA,RAOBF,199910021200,31004,58.62,125.37,,9,TXPR,107.0,,15357.3,-51.49999999999997,-56.49999999999997,54.9,,,8,107.0,15357.3,,-51.49999999999997,-56.49999999999997,,,54.9,4,008001,Flag table,numeric,007004,Pa,numeric,010008,m2 s-2,numeric,010009,gpm,numeric,012101,K,numeric,012103,K,numeric,013003,%,numeric,011001,degree true,numeric,011002,m/s,numeric
31004_19991002_1200_12,Aldan,gdex_data\raw\1999\gdas.adpupa.t12z.19991002.bufr,31004,1,1999-10-02T12:00:00,OK,ADPUPA,RAOBF,199910021200,31004,58.62,125.37,,10,SFC,935.0,,563.4,,,,305.0,6.0,9,935.0,563.4,,,,305.0,6.0,,64,008001,Flag table,numeric,007004,Pa,numeric,010008,m2 s-2,numeric,010009,gpm,numeric,012101,K,numeric,012103,K,numeric,013003,%,numeric,011001,degree true,numeric,011002,m/s,numeric
31004_19991002_1200_12,Aldan,gdex_data\raw\1999\gdas.adpupa.t12z.19991002.bufr,31004,1,1999-10-02T12:00:00,OK,ADPUPA,RAOBF,199910021200,31004,58.62,125.37,,11,WXPR,921.0,,688.8,,,,280.0,8.0,10,921.0,688.8,,,,280.0,8.0,,2,008001,Flag table,numeric,007004,Pa,numeric,010008,m2 s-2,numeric,010009,gpm,numeric,012101,K,numeric,012103,K,numeric,013003,%,numeric,011001,degree true,numeric,011002,m/s,numeric
31004_19991002_1200_12,Aldan,gdex_data\raw\1999\gdas.adpupa.t12z.19991002.bufr,31004,1,1999-10-02T12:00:00,OK,ADPUPA,RAOBF,199910021200,31004,58.62,125.37,,12,WXPR,853.0,,1321.2,,,,300.0,16.0,11,853.0,1321.2,,,,300.0,16.0,,2,008001,Flag table,numeric,007004,Pa,numeric,010008,m2 s-2,numeric,010009,gpm,numeric,012101,K,numeric,012103,K,numeric,013003,%,numeric,011001,degree true,numeric,011002,m/s,numeric
31004_19991002_1200_12,Aldan,gdex_data\raw\1999\gdas.adpupa.t12z.19991002.bufr,31004,1,1999-10-02T12:00:00,OK,ADPUPA,RAOBF,199910021200,31004,58.62,125.37,,13,WXPR,672.0,,3229.6,,,,300.0,17.0,12,672.0,3229.6,,,,300.0,17.0,,2,008001,Flag table,numeric,007004,Pa,numeric,010008,m2 s-2,numeric,010009,gpm,numeric,012101,K,numeric,012103,K,numeric,013003,%,numeric,011001,degree true,numeric,011002,m/s,numeric
31004_19991002_1200_12,Aldan,gdex_data\raw\1999\gdas.adpupa.t12z.19991002.bufr,31004,1,1999-10-02T12:00:00,OK,ADPUPA,RAOBF,199910021200,31004,58.62,125.37,,14,WXPR,524.0,,5130.0,,,,305.0,22.0,13,524.0,5130.0,,,,305.0,22.0,,2,008001,Flag table,numeric,007004,Pa,numeric,010008,m2 s-2,numeric,010009,gpm,numeric,012101,K,numeric,012103,K,numeric,013003,%,numeric,011001,degree true,numeric,011002,m/s,numeric
31004_19991002_1200_12,Aldan,gdex_data\raw\1999\gdas.adpupa.t12z.19991002.bufr,31004,1,1999-10-02T12:00:00,OK,ADPUPA,RAOBF,199910021200,31004,58.62,125.37,,15,WXPR,338.0,,8267.9,,,,315.0,23.0,14,338.0,8267.9,,,,315.0,23.0,,2,008001,Flag table,numeric,007004,Pa,numeric,010008,m2 s-2,numeric,010009,gpm,numeric,012101,K,numeric,012103,K,numeric,013003,%,numeric,011001,degree true,numeric,011002,m/s,numeric
31004_19991002_1200_12,Aldan,gdex_data\raw\1999\gdas.adpupa.t12z.19991002.bufr,31004,1,1999-10-02T12:00:00,OK,ADPUPA,RAOBF,199910021200,31004,58.62,125.37,,16,WXPR,231.0,,10787.7,,,,295.0,19.0,15,231.0,10787.7,,,,295.0,19.0,,2,008001,Flag table,numeric,007004,Pa,numeric,010008,m2 s-2,numeric,010009,gpm,numeric,012101,K,numeric,012103,K,numeric,013003,%,numeric,011001,degree true,numeric,011002,m/s,numeric
31004_19991002_1200_12,Aldan,gdex_data\raw\1999\gdas.adpupa.t12z.19991002.bufr,31004,1,1999-10-02T12:00:00,OK,ADPUPA,RAOBF,199910021200,31004,58.62,125.37,,17,WXPR,198.0,,11757.3,,,,320.0,12.0,16,198.0,11757.3,,,,320.0,12.0,,2,008001,Flag table,numeric,007004,Pa,numeric,010008,m2 s-2,numeric,010009,gpm,numeric,012101,K,numeric,012103,K,numeric,013003,%,numeric,011001,degree true,numeric,011002,m/s,numeric
31004_19991002_1200_12,Aldan,gdex_data\raw\1999\gdas.adpupa.t12z.19991002.bufr,31004,1,1999-10-02T12:00:00,OK,ADPUPA,RAOBF,199910021200,31004,58.62,125.37,,18,WXPR,184.0,,12208.7,,,,305.0,12.0,17,184.0,12208.7,,,,305.0,12.0,,2,008001,Flag table,numeric,007004,Pa,numeric,010008,m2 s-2,numeric,010009,gpm,numeric,012101,K,numeric,012103,K,numeric,013003,%,numeric,011001,degree true,numeric,011002,m/s,numeric
31004_19991002_1200_12,Aldan,gdex_data\raw\1999\gdas.adpupa.t12z.19991002.bufr,31004,1,1999-10-02T12:00:00,OK,ADPUPA,RAOBF,199910021200,31004,58.62,125.37,,19,WXPR,135.0,,14046.9,,,,310.0,8.0,18,135.0,14046.9,,,,310.0,8.0,,2,008001,Flag table,numeric,007004,Pa,numeric,010008,m2 s-2,numeric,010009,gpm,numeric,012101,K,numeric,012103,K,numeric,013003,%,numeric,011001,degree true,numeric,011002,m/s,numeric
31004_19991002_1200_12,Aldan,gdex_data\raw\1999\gdas.adpupa.t12z.19991002.bufr,31004,1,1999-10-02T12:00:00,OK,ADPUPA,RAOBF,199910021200,31004,58.62,125.37,,20,WXPR,125.0,,14487.2,,,,285.0,9.0,19,125.0,14487.2,,,,285.0,9.0,,2,008001,Flag table,numeric,007004,Pa,numeric,010008,m2 s-2,numeric,010009,gpm,numeric,012101,K,numeric,012103,K,numeric,013003,%,numeric,011001,degree true,numeric,011002,m/s,numeric
31004_19991002_1200_12,Aldan,gdex_data\raw\1999\gdas.adpupa.t12z.19991002.bufr,31004,1,1999-10-02T12:00:00,OK,ADPUPA,RAOBF,199910021200,31004,58.62,125.37,,21,WXPR,116.0,,14908.5,,,,310.0,9.0,20,116.0,14908.5,,,,310.0,9.0,,2,008001,Flag table,numeric,007004,Pa,numeric,010008,m2 s-2,numeric,010009,gpm,numeric,012101,K,numeric,012103,K,numeric,013003,%,numeric,011001,degree true,numeric,011002,m/s,numeric
31004_19991002_1200_12,Aldan,gdex_data\raw\1999\gdas.adpupa.t12z.19991002.bufr,31004,1,1999-10-02T12:00:00,OK,ADPUPA,RAOBF,199910021200,31004,58.62,125.37,,22,WXPR,107.0,,15357.3,,,,295.0,10.0,21,107.0,15357.3,,,,295.0,10.0,,2,008001,Flag table,numeric,007004,Pa,numeric,010008,m2 s-2,numeric,010009,gpm,numeric,012101,K,numeric,012103,K,numeric,013003,%,numeric,011001,degree true,numeric,011002,m/s,numeric
31004_19991002_1200_12,Aldan,gdex_data\raw\1999\gdas.adpupa.t12z.19991002.bufr,31004,1,1999-10-02T12:00:00,OK,ADPUPA,RAOBF,199910021200,31004,58.62,125.37,,23,SFC,935.0,,563.4,-3.099999999999966,-6.0,80.4,305.0,6.0,22,935.0,563.4,,-3.099999999999966,-6.0,305.0,6.0,80.4,64,008001,Flag table,numeric,007004,Pa,numeric,010008,m2 s-2,numeric,010009,gpm,numeric,012101,K,numeric,012103,K,numeric,013003,%,numeric,011001,degree true,numeric,011002,m/s,numeric
31004_19991002_1200_12,Aldan,gdex_data\raw\1999\gdas.adpupa.t12z.19991002.bufr,31004,1,1999-10-02T12:00:00,OK,ADPUPA,RAOBF,199910021200,31004,58.62,125.37,,24,MANL,1000.0,1274.0,129.9,,,,,,23,1000.0,129.9,1274.0,,,,,,32,008001,Flag table,numeric,007004,Pa,numeric,010008,m2 s-2,numeric,010009,gpm,numeric,012101,K,numeric,012103,K,numeric,013003,%,numeric,011001,degree true,numeric,011002,m/s,numeric
31004_19991002_1200_12,Aldan,gdex_data\raw\1999\gdas.adpupa.t12z.19991002.bufr,31004,1,1999-10-02T12:00:00,OK,ADPUPA,RAOBF,199910021200,31004,58.62,125.37,,25,MANL,925.0,7448.0,759.5,-3.6999999999999886,-6.0,84.1,,,24,925.0,759.5,7448.0,-3.6999999999999886,-6.0,,,84.1,32,008001,Flag table,numeric,007004,Pa,numeric,010008,m2 s-2,numeric,010009,gpm,numeric,012101,K,numeric,012103,K,numeric,013003,%,numeric,011001,degree true,numeric,011002,m/s,numeric
31004_19991002_1200_12,Aldan,gdex_data\raw\1999\gdas.adpupa.t12z.19991002.bufr,31004,1,1999-10-02T12:00:00,OK,ADPUPA,RAOBF,199910021200,31004,58.62,125.37,,26,MANL,850.0,13916.0,1419.0,-8.699999999999989,-9.899999999999977,91.0,300.0,16.0,25,850.0,1419.0,13916.0,-8.699999999999989,-9.899999999999977,300.0,16.0,91.0,32,008001,Flag table,numeric,007004,Pa,numeric,010008,m2 s-2,numeric,010009,gpm,numeric,012101,K,numeric,012103,K,numeric,013003,%,numeric,011001,degree true,numeric,011002,m/s,numeric
31004_19991002_1200_12,Aldan,gdex_data\raw\1999\gdas.adpupa.t12z.19991002.bufr,31004,1,1999-10-02T12:00:00,OK,ADPUPA,RAOBF,199910021200,31004,58.62,125.37,,27,MANL,700.0,28420.0,2898.0,-18.899999999999977,-19.899999999999977,91.8,300.0,17.0,26,700.0,2898.0,28420.0,-18.899999999999977,-19.899999999999977,300.0,17.0,91.8,32,008001,Flag table,numeric,007004,Pa,numeric,010008,m2 s-2,numeric,010009,gpm,numeric,012101,K,numeric,012103,K,numeric,013003,%,numeric,011001,degree true,numeric,011002,m/s,numeric
31004_19991002_1200_12,Aldan,gdex_data\raw\1999\gdas.adpupa.t12z.19991002.bufr,31004,1,1999-10-02T12:00:00,OK,ADPUPA,RAOBF,199910021200,31004,58.62,125.37,,28,MANL,500.0,52332.0,5336.4,-33.69999999999999,-35.39999999999998,84.6,310.0,25.0,27,500.0,5336.4,52332.0,-33.69999999999999,-35.39999999999998,310.0,25.0,84.6,32,008001,Flag table,numeric,007004,Pa,numeric,010008,m2 s-2,numeric,010009,gpm,numeric,012101,K,numeric,012103,K,numeric,013003,%,numeric,011001,degree true,numeric,011002,m/s,numeric
31004_19991002_1200_12,Aldan,gdex_data\raw\1999\gdas.adpupa.t12z.19991002.bufr,31004,1,1999-10-02T12:00:00,OK,ADPUPA,RAOBF,199910021200,31004,58.62,125.37,,29,MANL,400.0,67228.0,6855.3,-42.89999999999998,-45.29999999999998,77.1,315.0,23.0,28,400.0,6855.3,67228.0,-42.89999999999998,-45.29999999999998,315.0,23.0,77.1,32,008001,Flag table,numeric,007004,Pa,numeric,010008,m2 s-2,numeric,010009,gpm,numeric,012101,K,numeric,012103,K,numeric,013003,%,numeric,011001,degree true,numeric,011002,m/s,numeric
31004_19991002_1200_12,Aldan,gdex_data\raw\1999\gdas.adpupa.t12z.19991002.bufr,31004,1,1999-10-02T12:00:00,OK,ADPUPA,RAOBF,199910021200,31004,58.62,125.37,,30,MANL,300.0,86044.0,8774.0,-48.89999999999998,-51.79999999999998,71.6,310.0,23.0,29,300.0,8774.0,86044.0,-48.89999999999998,-51.79999999999998,310.0,23.0,71.6,32,008001,Flag table,numeric,007004,Pa,numeric,010008,m2 s-2,numeric,010009,gpm,numeric,012101,K,numeric,012103,K,numeric,013003,%,numeric,011001,degree true,numeric,011002,m/s,numeric
31004_19991002_1200_12,Aldan,gdex_data\raw\1999\gdas.adpupa.t12z.19991002.bufr,31004,1,1999-10-02T12:00:00,OK,ADPUPA,RAOBF,199910021200,31004,58.62,125.37,,31,MANL,250.0,97706.0,9963.2,-50.099999999999966,-53.29999999999998,68.8,305.0,20.0,30,250.0,9963.2,97706.0,-50.099999999999966,-53.29999999999998,305.0,20.0,68.8,32,008001,Flag table,numeric,007004,Pa,numeric,010008,m2 s-2,numeric,010009,gpm,numeric,012101,K,numeric,012103,K,numeric,013003,%,numeric,011001,degree true,numeric,011002,m/s,numeric
31004_19991002_1200_12,Aldan,gdex_data\raw\1999\gdas.adpupa.t12z.19991002.bufr,31004,1,1999-10-02T12:00:00,OK,ADPUPA,RAOBF,199910021200,31004,58.62,125.37,,32,MANL,200.0,112112.0,11432.2,-48.69999999999999,-52.39999999999998,65.2,320.0,12.0,31,200.0,11432.2,112112.0,-48.69999999999999,-52.39999999999998,320.0,12.0,65.2,32,008001,Flag table,numeric,007004,Pa,numeric,010008,m2 s-2,numeric,010009,gpm,numeric,012101,K,numeric,012103,K,numeric,013003,%,numeric,011001,degree true,numeric,011002,m/s,numeric
31004_19991002_1200_12,Aldan,gdex_data\raw\1999\gdas.adpupa.t12z.19991002.bufr,31004,1,1999-10-02T12:00:00,OK,ADPUPA,RAOBF,199910021200,31004,58.62,125.37,,33,MANL,150.0,130438.0,13301.0,-51.29999999999998,-55.599999999999966,59.9,310.0,11.0,32,150.0,13301.0,130438.0,-51.29999999999998,-55.599999999999966,310.0,11.0,59.9,32,008001,Flag table,numeric,007004,Pa,numeric,010008,m2 s-2,numeric,010009,gpm,numeric,012101,K,numeric,012103,K,numeric,013003,%,numeric,011001,degree true,numeric,011002,m/s,numeric
31004_19991002_1200_12,Aldan,gdex_data\raw\1999\gdas.adpupa.t12z.19991002.bufr,31004,1,1999-10-02T12:00:00,OK,ADPUPA,RAOBF,199910021200,31004,58.62,125.37,,34,MANL,100.0,156212.0,15929.2,-50.69999999999999,-56.69999999999999,48.8,310.0,9.0,33,100.0,15929.2,156212.0,-50.69999999999999,-56.69999999999999,310.0,9.0,48.8,32,008001,Flag table,numeric,007004,Pa,numeric,010008,m2 s-2,numeric,010009,gpm,numeric,012101,K,numeric,012103,K,numeric,013003,%,numeric,011001,degree true,numeric,011002,m/s,numeric
31004_19991002_1200_12,Aldan,gdex_data\raw\1999\gdas.adpupa.t12z.19991002.bufr,31004,1,1999-10-02T12:00:00,OK,ADPUPA,RAOBF,199910021200,31004,58.62,125.37,,35,TROP,290.0,,9303.9,-49.49999999999997,-52.599999999999966,69.8,310.0,23.0,34,290.0,9303.9,,-49.49999999999997,-52.599999999999966,310.0,23.0,69.8,16,008001,Flag table,numeric,007004,Pa,numeric,010008,m2 s-2,numeric,010009,gpm,numeric,012101,K,numeric,012103,K,numeric,013003,%,numeric,011001,degree true,numeric,011002,m/s,numeric
31004_19991002_1200_12,Aldan,gdex_data\raw\1999\gdas.adpupa.t12z.19991002.bufr,31004,1,1999-10-02T12:00:00,OK,ADPUPA,RAOBF,199910021200,31004,58.62,125.37,,36,TXPR,99.1,,15777.1,-50.49999999999997,-56.49999999999997,48.9,,,35,99.1,15777.1,,-50.49999999999997,-56.49999999999997,,,48.9,4,008001,Flag table,numeric,007004,Pa,numeric,010008,m2 s-2,numeric,010009,gpm,numeric,012101,K,numeric,012103,K,numeric,013003,%,numeric,011001,degree true,numeric,011002,m/s,numeric
31004_19991002_1200_12,Aldan,gdex_data\raw\1999\gdas.adpupa.t12z.19991002.bufr,31004,1,1999-10-02T12:00:00,OK,ADPUPA,RAOBF,199910021200,31004,58.62,125.37,,37,TXPR,74.5,,17286.1,-52.49999999999997,-59.49999999999997,42.5,,,36,74.5,17286.1,,-52.49999999999997,-59.49999999999997,,,42.5,4,008001,Flag table,numeric,007004,Pa,numeric,010008,m2 s-2,numeric,010009,gpm,numeric,012101,K,numeric,012103,K,numeric,013003,%,numeric,011001,degree true,numeric,011002,m/s,numeric
31004_19991002_1200_12,Aldan,gdex_data\raw\1999\gdas.adpupa.t12z.19991002.bufr,31004,1,1999-10-02T12:00:00,OK,ADPUPA,RAOBF,199910021200,31004,58.62,125.37,,38,WXPR,99.1,,15777.1,,,,310.0,8.0,37,99.1,15777.1,,,,310.0,8.0,,2,008001,Flag table,numeric,007004,Pa,numeric,010008,m2 s-2,numeric,010009,gpm,numeric,012101,K,numeric,012103,K,numeric,013003,%,numeric,011001,degree true,numeric,011002,m/s,numeric
31004_19991002_1200_12,Aldan,gdex_data\raw\1999\gdas.adpupa.t12z.19991002.bufr,31004,1,1999-10-02T12:00:00,OK,ADPUPA,RAOBF,199910021200,31004,58.62,125.37,,39,WXPR,85.0,,16599.0,,,,270.0,4.0,38,85.0,16599.0,,,,270.0,4.0,,2,008001,Flag table,numeric,007004,Pa,numeric,010008,m2 s-2,numeric,010009,gpm,numeric,012101,K,numeric,012103,K,numeric,013003,%,numeric,011001,degree true,numeric,011002,m/s,numeric
31004_19991002_1200_12,Aldan,gdex_data\raw\1999\gdas.adpupa.t12z.19991002.bufr,31004,1,1999-10-02T12:00:00,OK,ADPUPA,RAOBF,199910021200,31004,58.62,125.37,,40,WXPR,78.7,,17002.4,,,,285.0,8.0,39,78.7,17002.4,,,,285.0,8.0,,2,008001,Flag table,numeric,007004,Pa,numeric,010008,m2 s-2,numeric,010009,gpm,numeric,012101,K,numeric,012103,K,numeric,013003,%,numeric,011001,degree true,numeric,011002,m/s,numeric
