station_id,station_name,datetime_utc,year,month,cycle,profile_id,subset_index,latitude_deg,longitude_deg,data_status,data_status_reason,level_index,SEQ,VSIG,vertical_significance_code,replication_index,PRES,pressure_hpa,GEOPOT,geopotential_m2s2,height_010009_m,height_007007_m,height_bufr_m,height_phi_m,FLVL,geopotential_height_m,height_m,height_msl_m,height_agl_m,height_obs_m,height_interp_m,height_baro_m,height_source,AIR,air_temperature_c,temperature_c,DEW-,dew_point_temperature_c,REL,relative_humidity_percent,WIND,wind_direction_deg,WIND.1,wind_speed,source_file,qc_flag
31004,Aldan,1999-01-01T00:00:00Z,1999,1,00,31004_19990101_0000_00,0,58.37,125.22,OK,,0,,,,,1000.0,1000.0,,,,,,,0.0,0.0,0.0,0.0,-679.0,0.0,0.0,679.0,observed_or_geopot,-27.7,-27.7,-27.7,,,,,,,,,gdas.adpupa.t00z.19990101.bufr,
31004,Aldan,1999-01-01T00:00:00Z,1999,1,00,31004_19990101_0000_00,0,58.37,125.22,OK,,1,,,,,925.0,925.0,,,,,,,500.0,500.0,500.0,500.0,-179.0,500.0,500.0,1331.8,observed_or_geopot,-26.7,-26.7,-26.7,,,,,,,,,gdas.adpupa.t00z.19990101.bufr,
31004,Aldan,1999-01-01T00:00:00Z,1999,1,00,31004_19990101_0000_00,0,58.37,125.22,OK,,2,,,,,850.0,850.0,,,,,,,1000.0,1000.0,1000.0,1000.0,321.0,1000.0,1000.0,2029.0,observed_or_geopot,-24.7,-24.7,-24.7,,,,,,,,,gdas.adpupa.t00z.19990101.bufr,
31004,Aldan,1999-01-01T00:00:00Z,1999,1,00,31004_19990101_0000_00,0,58.37,125.22,OK,,3,,,,,700.0,700.0,,,,,,,1500.0,1500.0,1500.0,1500.0,821.0,1500.0,1500.0,3588.1,observed_or_geopot,-26.7,-26.7,-26.7,,,,,,,,,gdas.adpupa.t00z.19990101.bufr,
31004,Aldan,1999-01-01T00:00:00Z,1999,1,00,31004_19990101_0000_00,0,58.37,125.22,OK,,4,,,,,600.0,600.0,,,,,,,2000.0,2000.0,2000.0,2000.0,1321.0,2000.0,2000.0,4785.5,observed_or_geopot,-29.7,-29.7,-29.7,,,,,,,,,gdas.adpupa.t00z.19990101.bufr,
31004,Aldan,1999-01-01T00:00:00Z,1999,1,00,31004_19990101_0000_00,0,58.37,125.22,OK,,5,,,,,500.0,500.0,,,,,,,2500.0,2500.0,2500.0,2500.0,1821.0,2500.0,2500.0,6157.1,observed_or_geopot,-33.7,-33.7,-33.7,,,,,,,,,gdas.adpupa.t00z.19990101.bufr,
31004,Aldan,1999-01-01T12:00:00Z,1999,1,12,31004_19990101_1200_12,0,58.37,125.22,OK,,0,,,,,1000.0,1000.0,,,,,,,0.0,0.0,0.0,0.0,-679.0,0.0,0.0,679.0,observed_or_geopot,-27.7,-27.7,-27.7,,,,,,,,,gdas.adpupa.t12z.19990101.bufr,
31004,Aldan,1999-01-01T12:00:00Z,1999,1,12,31004_19990101_1200_12,0,58.37,125.22,OK,,1,,,,,925.0,925.0,,,,,,,500.0,500.0,500.0,500.0,-179.0,500.0,500.0,1331.8,observed_or_geopot,-26.7,-26.7,-26.7,,,,,,,,,gdas.adpupa.t12z.19990101.bufr,
31004,Aldan,1999-01-01T12:00:00Z,1999,1,12,31004_19990101_1200_12,0,58.37,125.22,OK,,2,,,,,850.0,850.0,,,,,,,1000.0,1000.0,1000.0,1000.0,321.0,1000.0,1000.0,2029.0,observed_or_geopot,-24.7,-24.7,-24.7,,,,,,,,,gdas.adpupa.t12z.19990101.bufr,
31004,Aldan,1999-01-01T12:00:00Z,1999,1,12,31004_19990101_1200_12,0,58.37,125.22,OK,,3,,,,,700.0,700.0,,,,,,,1500.0,1500.0,1500.0,1500.0,821.0,1500.0,1500.0,3588.1,observed_or_geopot,-26.7,-26.7,-26.7,,,,,,,,,gdas.adpupa.t12z.19990101.bufr,
31004,Aldan,1999-01-01T12:00:00Z,1999,1,12,31004_19990101_1200_12,0,58.37,125.22,OK,,4,,,,,600.0,600.0,,,,,,,2000.0,2000.0,2000.0,2000.0,1321.0,2000.0,2000.0,4785.5,observed_or_geopot,-29.7,-29.7,-29.7,,,,,,,,,gdas.adpupa.t12z.19990101.bufr,
31004,Aldan,1999-01-01T12:00:00Z,1999,1,12,31004_19990101_1200_12,0,58.37,125.22,OK,,5,,,,,500.0,500.0,,,,,,,2500.0,2500.0,2500.0,2500.0,1821.0,2500.0,2500.0,6157.1,observed_or_geopot,-33.7,-33.7,-33.7,,,,,,,,,gdas.adpupa.t12z.19990101.bufr,
31004,Aldan,1999-01-02T00:00:00Z,1999,1,00,31004_19990102_0000_00,0,58.37,125.22,OK,,0,,,,,1000.0,1000.0,,,,,,,0.0,0.0,0.0,0.0,-679.0,0.0,0.0,679.0,observed_or_geopot,-27.4,-27.4,-27.4,,,,,,,,,gdas.adpupa.t00z.19990102.bufr,
31004,Aldan,1999-01-02T00:00:00Z,1999,1,00,31004_19990102_0000_00,0,58.37,125.22,OK,,1,,,,,925.0,925.0,,,,,,,500.0,500.0,500.0,500.0,-179.0,500.0,500.0,1331.8,observed_or_geopot,-26.4,-26.4,-26.4,,,,,,,,,gdas.adpupa.t00z.19990102.bufr,
31004,Aldan,1999-01-02T00:00:00Z,1999,1,00,31004_19990102_0000_00,0,58.37,125.22,OK,,2,,,,,850.0,850.0,,,,,,,1000.0,1000.0,1000.0,1000.0,321.0,1000.0,1000.0,2029.0,observed_or_geopot,-24.4,-24.4,-24.4,,,,,,,,,gdas.adpupa.t00z.19990102.bufr,
31004,Aldan,1999-01-02T00:00:00Z,1999,1,00,31004_19990102_0000_00,0,58.37,125.22,OK,,3,,,,,700.0,700.0,,,,,,,1500.0,1500.0,1500.0,1500.0,821.0,1500.0,1500.0,3588.1,observed_or_geopot,-26.4,-26.4,-26.4,,,,,,,,,gdas.adpupa.t00z.19990102.bufr,
31004,Aldan,1999-01-02T00:00:00Z,1999,1,00,31004_19990102_0000_00,0,58.37,125.22,OK,,4,,,,,600.0,600.0,,,,,,,2000.0,2000.0,2000.0,2000.0,1321.0,2000.0,2000.0,4785.5,observed_or_geopot,-29.4,-29.4,-29.4,,,,,,,,,gdas.adpupa.t00z.19990102.bufr,
31004,Aldan,1999-01-02T00:00:00Z,1999,1,00,31004_19990102_0000_00,0,58.37,125.22,OK,,5,,,,,500.0,500.0,,,,,,,2500.0,2500.0,2500.0,2500.0,1821.0,2500.0,2500.0,6157.1,observed_or_geopot,-33.4,-33.4,-33.4,,,,,,,,,gdas.adpupa.t00z.19990102.bufr,
31004,Aldan,1999-01-02T12:00:00Z,1999,1,12,31004_19990102_1200_12,0,58.37,125.22,OK,,0,,,,,1000.0,1000.0,,,,,,,0.0,0.0,0.0,0.0,-679.0,0.0,0.0,679.0,observed_or_geopot,-27.4,-27.4,-27.4,,,,,,,,,gdas.adpupa.t12z.19990102.bufr,
31004,Aldan,1999-01-02T12:00:00Z,1999,1,12,31004_19990102_1200_12,0,58.37,125.22,OK,,1,,,,,925.0,925.0,,,,,,,500.0,500.0,500.0,500.0,-179.0,500.0,500.0,1331.8,observed_or_geopot,-26.4,-26.4,-26.4,,,,,,,,,gdas.adpupa.t12z.19990102.bufr,
31004,Aldan,1999-01-02T12:00:00Z,1999,1,12,31004_19990102_1200_12,0,58.37,125.22,OK,,2,,,,,850.0,850.0,,,,,,,1000.0,1000.0,1000.0,1000.0,321.0,1000.0,1000.0,2029.0,observed_or_geopot,-24.4,-24.4,-24.4,,,,,,,,,gdas.adpupa.t12z.19990102.bufr,
31004,Aldan,1999-01-02T12:00:00Z,1999,1,12,31004_19990102_1200_12,0,58.37,125.22,OK,,3,,,,,700.0,700.0,,,,,,,1500.0,1500.0,1500.0,1500.0,821.0,1500.0,1500.0,3588.1,observed_or_geopot,-26.4,-26.4,-26.4,,,,,,,,,gdas.adpupa.t12z.19990102.bufr,
31004,Aldan,1999-01-02T12:00:00Z,1999,1,12,31004_19990102_1200_12,0,58.37,125.22,OK,,4,,,,,600.0,600.0,,,,,,,2000.0,2000.0,2000.0,2000.0,1321.0,2000.0,2000.0,4785.5,observed_or_geopot,-29.4,-29.4,-29.4,,,,,,,,,gdas.adpupa.t12z.19990102.bufr,
31004,Aldan,1999-01-02T12:00:00Z,1999,1,12,31004_19990102_1200_12,0,58.37,125.22,OK,,5,,,,,500.0,500.0,,,,,,,2500.0,2500.0,2500.0,2500.0,1821.0,2500.0,2500.0,6157.1,observed_or_geopot,-33.4,-33.4,-33.4,,,,,,,,,gdas.adpupa.t12z.19990102.bufr,
31004,Aldan,1999-01-03T00:00:00Z,1999,1,00,31004_19990103_0000_00,0,58.37,125.22,OK,,0,,,,,1000.0,1000.0,,,,,,,0.0,0.0,0.0,0.0,-679.0,0.0,0.0,679.0,observed_or_geopot,-27.1,-27.1,-27.1,,,,,,,,,gdas.adpupa.t00z.19990103.bufr,
31004,Aldan,1999-01-03T00:00:00Z,1999,1,00,31004_19990103_0000_00,0,58.37,125.22,OK,,1,,,,,925.0,925.0,,,,,,,500.0,500.0,500.0,500.0,-179.0,500.0,500.0,1331.8,observed_or_geopot,-26.1,-26.1,-26.1,,,,,,,,,gdas.adpupa.t00z.19990103.bufr,
31004,Aldan,1999-01-03T00:00:00Z,1999,1,00,31004_19990103_0000_00,0,58.37,125.22,OK,,2,,,,,850.0,850.0,,,,,,,1000.0,1000.0,1000.0,1000.0,321.0,1000.0,1000.0,2029.0,observed_or_geopot,-24.1,-24.1,-24.1,,,,,,,,,gdas.adpupa.t00z.19990103.bufr,
31004,Aldan,1999-01-03T00:00:00Z,1999,1,00,31004_19990103_0000_00,0,58.37,125.22,OK,,3,,,,,700.0,700.0,,,,,,,1500.0,1500.0,1500.0,1500.0,821.0,1500.0,1500.0,3588.1,observed_or_geopot,-26.1,-26.1,-26.1,,,,,,,,,gdas.adpupa.t00z.19990103.bufr,
31004,Aldan,1999-01-03T00:00:00Z,1999,1,00,31004_19990103_0000_00,0,58.37,125.22,OK,,4,,,,,600.0,600.0,,,,,,,2000.0,2000.0,2000.0,2000.0,1321.0,2000.0,2000.0,4785.5,observed_or_geopot,-29.1,-29.1,-29.1,,,,,,,,,gdas.adpupa.t00z.19990103.bufr,
31004,Aldan,1999-01-03T00:00:00Z,1999,1,00,31004_19990103_0000_00,0,58.37,125.22,OK,,5,,,,,500.0,500.0,,,,,,,2500.0,2500.0,2500.0,2500.0,1821.0,2500.0,2500.0,6157.1,observed_or_geopot,-33.1,-33.1,-33.1,,,,,,,,,gdas.adpupa.t00z.19990103.bufr,
31004,Aldan,1999-01-03T12:00:00Z,1999,1,12,31004_19990103_1200_12,0,58.37,125.22,OK,,0,,,,,1000.0,1000.0,,,,,,,0.0,0.0,0.0,0.0,-679.0,0.0,0.0,679.0,observed_or_geopot,-27.1,-27.1,-27.1,,,,,,,,,gdas.adpupa.t12z.19990103.bufr,
31004,Aldan,1999-01-03T12:00:00Z,1999,1,12,31004_19990103_1200_12,0,58.37,125.22,OK,,1,,,,,925.0,925.0,,,,,,,500.0,500.0,500.0,500.0,-179.0,500.0,500.0,1331.8,observed_or_geopot,-26.1,-26.1,-26.1,,,,,,,,,gdas.adpupa.t12z.19990103.bufr,
31004,Aldan,1999-01-03T12:00:00Z,1999,1,12,31004_19990103_1200_12,0,58.37,125.22,OK,,2,,,,,850.0,850.0,,,,,,,1000.0,1000.0,1000.0,1000.0,321.0,1000.0,1000.0,2029.0,observed_or_geopot,-24.1,-24.1,-24.1,,,,,,,,,gdas.adpupa.t12z.19990103.bufr,
31004,Aldan,1999-01-03T12:00:00Z,1999,1,12,31004_19990103_1200_12,0,58.37,125.22,OK,,3,,,,,700.0,700.0,,,,,,,1500.0,1500.0,1500.0,1500.0,821.0,1500.0,1500.0,3588.1,observed_or_geopot,-26.1,-26.1,-26.1,,,,,,,,,gdas.adpupa.t12z.19990103.bufr,
31004,Aldan,1999-01-03T12:00:00Z,1999,1,12,31004_19990103_1200_12,0,58.37,125.22,OK,,4,,,,,600.0,600.0,,,,,,,2000.0,2000.0,2000.0,2000.0,1321.0,2000.0,2000.0,4785.5,observed_or_geopot,-29.1,-29.1,-29.1,,,,,,,,,gdas.adpupa.t12z.19990103.bufr,
31004,Aldan,1999-01-03T12:00:00Z,1999,1,12,31004_19990103_1200_12,0,58.37,125.22,OK,,5,,,,,500.0,500.0,,,,,,,2500.0,2500.0,2500.0,2500.0,1821.0,2500.0,2500.0,6157.1,observed_or_geopot,-33.1,-33.1,-33.1,,,,,,,,,gdas.adpupa.t12z.19990103.bufr,
31004,Aldan,1999-01-04T00:00:00Z,1999,1,00,31004_19990104_0000_00,0,58.37,125.22,OK,,0,,,,,1000.0,1000.0,,,,,,,0.0,0.0,0.0,0.0,-679.0,0.0,0.0,679.0,observed_or_geopot,-26.8,-26.8,-26.8,,,,,,,,,gdas.adpupa.t00z.19990104.bufr,
31004,Aldan,1999-01-04T00:00:00Z,1999,1,00,31004_19990104_0000_00,0,58.37,125.22,OK,,1,,,,,925.0,925.0,,,,,,,500.0,500.0,500.0,500.0,-179.0,500.0,500.0,1331.8,observed_or_geopot,-25.8,-25.8,-25.8,,,,,,,,,gdas.adpupa.t00z.19990104.bufr,
31004,Aldan,1999-01-04T00:00:00Z,1999,1,00,31004_19990104_0000_00,0,58.37,125.22,OK,,2,,,,,850.0,850.0,,,,,,,1000.0,1000.0,1000.0,1000.0,321.0,1000.0,1000.0,2029.0,observed_or_geopot,-23.8,-23.8,-23.8,,,,,,,,,gdas.adpupa.t00z.19990104.bufr,
31004,Aldan,1999-01-04T00:00:00Z,1999,1,00,31004_19990104_0000_00,0,58.37,125.22,OK,,3,,,,,700.0,700.0,,,,,,,1500.0,1500.0,1500.0,1500.0,821.0,1500.0,1500.0,3588.1,observed_or_geopot,-25.8,-25.8,-25.8,,,,,,,,,gdas.adpupa.t00z.19990104.bufr,
31004,Aldan,1999-01-04T00:00:00Z,1999,1,00,31004_19990104_0000_00,0,58.37,125.22,OK,,4,,,,,600.0,600.0,,,,,,,2000.0,2000.0,2000.0,2000.0,1321.0,2000.0,2000.0,4785.5,observed_or_geopot,-28.8,-28.8,-28.8,,,,,,,,,gdas.adpupa.t00z.19990104.bufr,
31004,Aldan,1999-01-04T00:00:00Z,1999,1,00,31004_19990104_0000_00,0,58.37,125.22,OK,,5,,,,,500.0,500.0,,,,,,,2500.0,2500.0,2500.0,2500.0,1821.0,2500.0,2500.0,6157.1,observed_or_geopot,-32.8,-32.8,-32.8,,,,,,,,,gdas.adpupa.t00z.19990104.bufr,
31004,Aldan,1999-01-04T12:00:00Z,1999,1,12,31004_19990104_1200_12,0,58.37,125.22,OK,,0,,,,,1000.0,1000.0,,,,,,,0.0,0.0,0.0,0.0,-679.0,0.0,0.0,679.0,observed_or_geopot,-26.8,-26.8,-26.8,,,,,,,,,gdas.adpupa.t12z.19990104.bufr,
31004,Aldan,1999-01-04T12:00:00Z,1999,1,12,31004_19990104_1200_12,0,58.37,125.22,OK,,1,,,,,925.0,925.0,,,,,,,500.0,500.0,500.0,500.0,-179.0,500.0,500.0,1331.8,observed_or_geopot,-25.8,-25.8,-25.8,,,,,,,,,gdas.adpupa.t12z.19990104.bufr,
31004,Aldan,1999-01-04T12:00:00Z,1999,1,12,31004_19990104_1200_12,0,58.37,125.22,OK,,2,,,,,850.0,850.0,,,,,,,1000.0,1000.0,1000.0,1000.0,321.0,1000.0,1000.0,2029.0,observed_or_geopot,-23.8,-23.8,-23.8,,,,,,,,,gdas.adpupa.t12z.19990104.bufr,
31004,Aldan,1999-01-04T12:00:00Z,1999,1,12,31004_19990104_1200_12,0,58.37,125.22,OK,,3,,,,,700.0,700.0,,,,,,,1500.0,1500.0,1500.0,1500.0,821.0,1500.0,1500.0,3588.1,observed_or_geopot,-25.8,-25.8,-25.8,,,,,,,,,gdas.adpupa.t12z.19990104.bufr,
31004,Aldan,1999-01-04T12:00:00Z,1999,1,12,31004_19990104_1200_12,0,58.37,125.22,OK,,4,,,,,600.0,600.0,,,,,,,2000.0,2000.0,2000.0,2000.0,1321.0,2000.0,2000.0,4785.5,observed_or_geopot,-28.8,-28.8,-28.8,,,,,,,,,gdas.adpupa.t12z.19990104.bufr,
31004,Aldan,1999-01-04T12:00:00Z,1999,1,12,31004_19990104_1200_12,0,58.37,125.22,OK,,5,,,,,500.0,500.0,,,,,,,2500.0,2500.0,2500.0,2500.0,1821.0,2500.0,2500.0,6157.1,observed_or_geopot,-32.8,-32.8,-32.8,,,,,,,,,gdas.adpupa.t12z.19990104.bufr,
31004,Aldan,1999-01-05T00:00:00Z,1999,1,00,31004_19990105_0000_00,0,58.37,125.22,OK,,0,,,,,1000.0,1000.0,,,,,,,0.0,0.0,0.0,0.0,-679.0,0.0,0.0,679.0,observed_or_geopot,-26.5,-26.5,-26.5,,,,,,,,,gdas.adpupa.t00z.19990105.bufr,
31004,Aldan,1999-01-05T00:00:00Z,1999,1,00,31004_19990105_0000_00,0,58.37,125.22,OK,,1,,,,,925.0,925.0,,,,,,,500.0,500.0,500.0,500.0,-179.0,500.0,500.0,1331.8,observed_or_geopot,-25.5,-25.5,-25.5,,,,,,,,,gdas.adpupa.t00z.19990105.bufr,
31004,Aldan,1999-01-05T00:00:00Z,1999,1,00,31004_19990105_0000_00,0,58.37,125.22,OK,,2,,,,,850.0,850.0,,,,,,,1000.0,1000.0,1000.0,1000.0,321.0,1000.0,1000.0,2029.0,observed_or_geopot,-23.5,-23.5,-23.5,,,,,,,,,gdas.adpupa.t00z.19990105.bufr,
31004,Aldan,1999-01-05T00:00:00Z,1999,1,00,31004_19990105_0000_00,0,58.37,125.22,OK,,3,,,,,700.0,700.0,,,,,,,1500.0,1500.0,1500.0,1500.0,821.0,1500.0,1500.0,3588.1,observed_or_geopot,-25.5,-25.5,-25.5,,,,,,,,,gdas.adpupa.t00z.19990105.bufr,
31004,Aldan,1999-01-05T00:00:00Z,1999,1,00,31004_19990105_0000_00,0,58.37,125.22,OK,,4,,,,,600.0,600.0,,,,,,,2000.0,2000.0,2000.0,2000.0,1321.0,2000.0,2000.0,4785.5,observed_or_geopot,-28.5,-28.5,-28.5,,,,,,,,,gdas.adpupa.t00z.19990105.bufr,
31004,Aldan,1999-01-05T00:00:00Z,1999,1,00,31004_19990105_0000_00,0,58.37,125.22,OK,,5,,,,,500.0,500.0,,,,,,,2500.0,2500.0,2500.0,2500.0,1821.0,2500.0,2500.0,6157.1,observed_or_geopot,-32.5,-32.5,-32.5,,,,,,,,,gdas.adpupa.t00z.19990105.bufr,
31004,Aldan,1999-01-05T12:00:00Z,1999,1,12,31004_19990105_1200_12,0,58.37,125.22,OK,,0,,,,,1000.0,1000.0,,,,,,,0.0,0.0,0.0,0.0,-679.0,0.0,0.0,679.0,observed_or_geopot,-26.5,-26.5,-26.5,,,,,,,,,gdas.adpupa.t12z.19990105.bufr,
31004,Aldan,1999-01-05T12:00:00Z,1999,1,12,31004_19990105_1200_12,0,58.37,125.22,OK,,1,,,,,925.0,925.0,,,,,,,500.0,500.0,500.0,500.0,-179.0,500.0,500.0,1331.8,observed_or_geopot,-25.5,-25.5,-25.5,,,,,,,,,gdas.adpupa.t12z.19990105.bufr,
31004,Aldan,1999-01-05T12:00:00Z,1999,1,12,31004_19990105_1200_12,0,58.37,125.22,OK,,2,,,,,850.0,850.0,,,,,,,1000.0,1000.0,1000.0,1000.0,321.0,1000.0,1000.0,2029.0,observed_or_geopot,-23.5,-23.5,-23.5,,,,,,,,,gdas.adpupa.t12z.19990105.bufr,
31004,Aldan,1999-01-05T12:00:00Z,1999,1,12,31004_19990105_1200_12,0,58.37,125.22,OK,,3,,,,,700.0,700.0,,,,,,,1500.0,1500.0,1500.0,1500.0,821.0,1500.0,1500.0,3588.1,observed_or_geopot,-25.5,-25.5,-25.5,,,,,,,,,gdas.adpupa.t12z.19990105.bufr,
31004,Aldan,1999-01-05T12:00:00Z,1999,1,12,31004_19990105_1200_12,0,58.37,125.22,OK,,4,,,,,600.0,600.0,,,,,,,2000.0,2000.0,2000.0,2000.0,1321.0,2000.0,2000.0,4785.5,observed_or_geopot,-28.5,-28.5,-28.5,,,,,,,,,gdas.adpupa.t12z.19990105.bufr,
31004,Aldan,1999-01-05T12:00:00Z,1999,1,12,31004_19990105_1200_12,0,58.37,125.22,OK,,5,,,,,500.0,500.0,,,,,,,2500.0,2500.0,2500.0,2500.0,1821.0,2500.0,2500.0,6157.1,observed_or_geopot,-32.5,-32.5,-32.5,,,,,,,,,gdas.adpupa.t12z.19990105.bufr,
31004,Aldan,1999-01-06T00:00:00Z,1999,1,00,31004_19990106_0000_00,0,58.37,125.22,OK,,0,,,,,1000.0,1000.0,,,,,,,0.0,0.0,0.0,0.0,-679.0,0.0,0.0,679.0,observed_or_geopot,-26.2,-26.2,-26.2,,,,,,,,,gdas.adpupa.t00z.19990106.bufr,
31004,Aldan,1999-01-06T00:00:00Z,1999,1,00,31004_19990106_0000_00,0,58.37,125.22,OK,,1,,,,,925.0,925.0,,,,,,,500.0,500.0,500.0,500.0,-179.0,500.0,500.0,1331.8,observed_or_geopot,-25.2,-25.2,-25.2,,,,,,,,,gdas.adpupa.t00z.19990106.bufr,
31004,Aldan,1999-01-06T00:00:00Z,1999,1,00,31004_19990106_0000_00,0,58.37,125.22,OK,,2,,,,,850.0,850.0,,,,,,,1000.0,1000.0,1000.0,1000.0,321.0,1000.0,1000.0,2029.0,observed_or_geopot,-23.2,-23.2,-23.2,,,,,,,,,gdas.adpupa.t00z.19990106.bufr,
31004,Aldan,1999-01-06T00:00:00Z,1999,1,00,31004_19990106_0000_00,0,58.37,125.22,OK,,3,,,,,700.0,700.0,,,,,,,1500.0,1500.0,1500.0,1500.0,821.0,1500.0,1500.0,3588.1,observed_or_geopot,-25.2,-25.2,-25.2,,,,,,,,,gdas.adpupa.t00z.19990106.bufr,
31004,Aldan,1999-01-06T00:00:00Z,1999,1,00,31004_19990106_0000_00,0,58.37,125.22,OK,,4,,,,,600.0,600.0,,,,,,,2000.0,2000.0,2000.0,2000.0,1321.0,2000.0,2000.0,4785.5,observed_or_geopot,-28.2,-28.2,-28.2,,,,,,,,,gdas.adpupa.t00z.19990106.bufr,
31004,Aldan,1999-01-06T00:00:00Z,1999,1,00,31004_19990106_0000_00,0,58.37,125.22,OK,,5,,,,,500.0,500.0,,,,,,,2500.0,2500.0,2500.0,2500.0,1821.0,2500.0,2500.0,6157.1,observed_or_geopot,-32.2,-32.2,-32.2,,,,,,,,,gdas.adpupa.t00z.19990106.bufr,
31004,Aldan,1999-01-06T12:00:00Z,1999,1,12,31004_19990106_1200_12,0,58.37,125.22,OK,,0,,,,,1000.0,1000.0,,,,,,,0.0,0.0,0.0,0.0,-679.0,0.0,0.0,679.0,observed_or_geopot,-26.2,-26.2,-26.2,,,,,,,,,gdas.adpupa.t12z.19990106.bufr,
31004,Aldan,1999-01-06T12:00:00Z,1999,1,12,31004_19990106_1200_12,0,58.37,125.22,OK,,1,,,,,925.0,925.0,,,,,,,500.0,500.0,500.0,500.0,-179.0,500.0,500.0,1331.8,observed_or_geopot,-25.2,-25.2,-25.2,,,,,,,,,gdas.adpupa.t12z.19990106.bufr,
31004,Aldan,1999-01-06T12:00:00Z,1999,1,12,31004_19990106_1200_12,0,58.37,125.22,OK,,2,,,,,850.0,850.0,,,,,,,1000.0,1000.0,1000.0,1000.0,321.0,1000.0,1000.0,2029.0,observed_or_geopot,-23.2,-23.2,-23.2,,,,,,,,,gdas.adpupa.t12z.19990106.bufr,
31004,Aldan,1999-01-06T12:00:00Z,1999,1,12,31004_19990106_1200_12,0,58.37,125.22,OK,,3,,,,,700.0,700.0,,,,,,,1500.0,1500.0,1500.0,1500.0,821.0,1500.0,1500.0,3588.1,observed_or_geopot,-25.2,-25.2,-25.2,,,,,,,,,gdas.adpupa.t12z.19990106.bufr,
31004,Aldan,1999-01-06T12:00:00Z,1999,1,12,31004_19990106_1200_12,0,58.37,125.22,OK,,4,,,,,600.0,600.0,,,,,,,2000.0,2000.0,2000.0,2000.0,1321.0,2000.0,2000.0,4785.5,observed_or_geopot,-28.2,-28.2,-28.2,,,,,,,,,gdas.adpupa.t12z.19990106.bufr,
31004,Aldan,1999-01-06T12:00:00Z,1999,1,12,31004_19990106_1200_12,0,58.37,125.22,OK,,5,,,,,500.0,500.0,,,,,,,2500.0,2500.0,2500.0,2500.0,1821.0,2500.0,2500.0,6157.1,observed_or_geopot,-32.2,-32.2,-32.2,,,,,,,,,gdas.adpupa.t12z.19990106.bufr,
31004,Aldan,1999-01-07T00:00:00Z,1999,1,00,31004_19990107_0000_00,0,58.37,125.22,OK,,0,,,,,1000.0,1000.0,,,,,,,0.0,0.0,0.0,0.0,-679.0,0.0,0.0,679.0,observed_or_geopot,-25.9,-25.9,-25.9,,,,,,,,,gdas.adpupa.t00z.19990107.bufr,
31004,Aldan,1999-01-07T00:00:00Z,1999,1,00,31004_19990107_0000_00,0,58.37,125.22,OK,,1,,,,,925.0,925.0,,,,,,,500.0,500.0,500.0,500.0,-179.0,500.0,500.0,1331.8,observed_or_geopot,-24.9,-24.9,-24.9,,,,,,,,,gdas.adpupa.t00z.19990107.bufr,
31004,Aldan,1999-01-07T00:00:00Z,1999,1,00,31004_19990107_0000_00,0,58.37,125.22,OK,,2,,,,,850.0,850.0,,,,,,,1000.0,1000.0,1000.0,1000.0,321.0,1000.0,1000.0,2029.0,observed_or_geopot,-22.9,-22.9,-22.9,,,,,,,,,gdas.adpupa.t00z.19990107.bufr,
31004,Aldan,1999-01-07T00:00:00Z,1999,1,00,31004_19990107_0000_00,0,58.37,125.22,OK,,3,,,,,700.0,700.0,,,,,,,1500.0,1500.0,1500.0,1500.0,821.0,1500.0,1500.0,3588.1,observed_or_geopot,-24.9,-24.9,-24.9,,,,,,,,,gdas.adpupa.t00z.19990107.bufr,
31004,Aldan,1999-01-07T00:00:00Z,1999,1,00,31004_19990107_0000_00,0,58.37,125.22,OK,,4,,,,,600.0,600.0,,,,,,,2000.0,2000.0,2000.0,2000.0,1321.0,2000.0,2000.0,4785.5,observed_or_geopot,-27.9,-27.9,-27.9,,,,,,,,,gdas.adpupa.t00z.19990107.bufr,
31004,Aldan,1999-01-07T00:00:00Z,1999,1,00,31004_19990107_0000_00,0,58.37,125.22,OK,,5,,,,,500.0,500.0,,,,,,,2500.0,2500.0,2500.0,2500.0,1821.0,2500.0,2500.0,6157.1,observed_or_geopot,-31.9,-31.9,-31.9,,,,,,,,,gdas.adpupa.t00z.19990107.bufr,
31004,Aldan,1999-01-07T12:00:00Z,1999,1,12,31004_19990107_1200_12,0,58.37,125.22,OK,,0,,,,,1000.0,1000.0,,,,,,,0.0,0.0,0.0,0.0,-679.0,0.0,0.0,679.0,observed_or_geopot,-25.9,-25.9,-25.9,,,,,,,,,gdas.adpupa.t12z.19990107.bufr,
31004,Aldan,1999-01-07T12:00:00Z,1999,1,12,31004_19990107_1200_12,0,58.37,125.22,OK,,1,,,,,925.0,925.0,,,,,,,500.0,500.0,500.0,500.0,-179.0,500.0,500.0,1331.8,observed_or_geopot,-24.9,-24.9,-24.9,,,,,,,,,gdas.adpupa.t12z.19990107.bufr,
31004,Aldan,1999-01-07T12:00:00Z,1999,1,12,31004_19990107_1200_12,0,58.37,125.22,OK,,2,,,,,850.0,850.0,,,,,,,1000.0,1000.0,1000.0,1000.0,321.0,1000.0,1000.0,2029.0,observed_or_geopot,-22.9,-22.9,-22.9,,,,,,,,,gdas.adpupa.t12z.19990107.bufr,
31004,Aldan,1999-01-07T12:00:00Z,1999,1,12,31004_19990107_1200_12,0,58.37,125.22,OK,,3,,,,,700.0,700.0,,,,,,,1500.0,1500.0,1500.0,1500.0,821.0,1500.0,1500.0,3588.1,observed_or_geopot,-24.9,-24.9,-24.9,,,,,,,,,gdas.adpupa.t12z.19990107.bufr,
31004,Aldan,1999-01-07T12:00:00Z,1999,1,12,31004_19990107_1200_12,0,58.37,125.22,OK,,4,,,,,600.0,600.0,,,,,,,2000.0,2000.0,2000.0,2000.0,1321.0,2000.0,2000.0,4785.5,observed_or_geopot,-27.9,-27.9,-27.9,,,,,,,,,gdas.adpupa.t12z.19990107.bufr,
31004,Aldan,1999-01-07T12:00:00Z,1999,1,12,31004_19990107_1200_12,0,58.37,125.22,OK,,5,,,,,500.0,500.0,,,,,,,2500.0,2500.0,2500.0,2500.0,1821.0,2500.0,2500.0,6157.1,observed_or_geopot,-31.9,-31.9,-31.9,,,,,,,,,gdas.adpupa.t12z.19990107.bufr,
31004,Aldan,1999-01-08T00:00:00Z,1999,1,00,31004_19990108_0000_00,0,58.37,125.22,OK,,0,,,,,1000.0,1000.0,,,,,,,0.0,0.0,0.0,0.0,-679.0,0.0,0.0,679.0,observed_or_geopot,-25.6,-25.6,-25.6,,,,,,,,,gdas.adpupa.t00z.19990108.bufr,
31004,Aldan,1999-01-08T00:00:00Z,1999,1,00,31004_19990108_0000_00,0,58.37,125.22,OK,,1,,,,,925.0,925.0,,,,,,,500.0,500.0,500.0,500.0,-179.0,500.0,500.0,1331.8,observed_or_geopot,-24.6,-24.6,-24.6,,,,,,,,,gdas.adpupa.t00z.19990108.bufr,
31004,Aldan,1999-01-08T00:00:00Z,1999,1,00,31004_19990108_0000_00,0,58.37,125.22,OK,,2,,,,,850.0,850.0,,,,,,,1000.0,1000.0,1000.0,1000.0,321.0,1000.0,1000.0,2029.0,observed_or_geopot,-22.6,-22.6,-22.6,,,,,,,,,gdas.adpupa.t00z.19990108.bufr,
31004,Aldan,1999-01-08T00:00:00Z,1999,1,00,31004_19990108_0000_00,0,58.37,125.22,OK,,3,,,,,700.0,700.0,,,,,,,1500.0,1500.0,1500.0,1500.0,821.0,1500.0,1500.0,3588.1,observed_or_geopot,-24.6,-24.6,-24.6,,,,,,,,,gdas.adpupa.t00z.19990108.bufr,
31004,Aldan,1999-01-08T00:00:00Z,1999,1,00,31004_19990108_0000_00,0,58.37,125.22,OK,,4,,,,,600.0,600.0,,,,,,,2000.0,2000.0,2000.0,2000.0,1321.0,2000.0,2000.0,4785.5,observed_or_geopot,-27.6,-27.6,-27.6,,,,,,,,,gdas.adpupa.t00z.19990108.bufr,
31004,Aldan,1999-01-08T00:00:00Z,1999,1,00,31004_19990108_0000_00,0,58.37,125.22,OK,,5,,,,,500.0,500.0,,,,,,,2500.0,2500.0,2500.0,2500.0,1821.0,2500.0,2500.0,6157.1,observed_or_geopot,-31.6,-31.6,-31.6,,,,,,,,,gdas.adpupa.t00z.19990108.bufr,
31004,Aldan,1999-01-08T12:00:00Z,1999,1,12,31004_19990108_1200_12,0,58.37,125.22,OK,,0,,,,,1000.0,1000.0,,,,,,,0.0,0.0,0.0,0.0,-679.0,0.0,0.0,679.0,observed_or_geopot,-25.6,-25.6,-25.6,,,,,,,,,gdas.adpupa.t12z.19990108.bufr,
31004,Aldan,1999-01-08T12:00:00Z,1999,1,12,31004_19990108_1200_12,0,58.37,125.22,OK,,1,,,,,925.0,925.0,,,,,,,500.0,500.0,500.0,500.0,-179.0,500.0,500.0,1331.8,observed_or_geopot,-24.6,-24.6,-24.6,,,,,,,,,gdas.adpupa.t12z.19990108.bufr,
31004,Aldan,1999-01-08T12:00:00Z,1999,1,12,31004_19990108_1200_12,0,58.37,125.22,OK,,2,,,,,850.0,850.0,,,,,,,1000.0,1000.0,1000.0,1000.0,321.0,1000.0,1000.0,2029.0,observed_or_geopot,-22.6,-22.6,-22.6,,,,,,,,,gdas.adpupa.t12z.19990108.bufr,
31004,Aldan,1999-01-08T12:00:00Z,1999,1,12,31004_19990108_1200_12,0,58.37,125.22,OK,,3,,,,,700.0,700.0,,,,,,,1500.0,1500.0,1500.0,1500.0,821.0,1500.0,1500.0,3588.1,observed_or_geopot,-24.6,-24.6,-24.6,,,,,,,,,gdas.adpupa.t12z.19990108.bufr,
31004,Aldan,1999-01-08T12:00:00Z,1999,1,12,31004_19990108_1200_12,0,58.37,125.22,OK,,4,,,,,600.0,600.0,,,,,,,2000.0,2000.0,2000.0,2000.0,1321.0,2000.0,2000.0,4785.5,observed_or_geopot,-27.6,-27.6,-27.6,,,,,,,,,gdas.adpupa.t12z.19990108.bufr,
31004,Aldan,1999-01-08T12:00:00Z,1999,1,12,31004_19990108_1200_12,0,58.37,125.22,OK,,5,,,,,500.0,500.0,,,,,,,2500.0,2500.0,2500.0,2500.0,1821.0,2500.0,2500.0,6157.1,observed_or_geopot,-31.6,-31.6,-31.6,,,,,,,,,gdas.adpupa.t12z.19990108.bufr,
31004,Aldan,1999-01-09T00:00:00Z,1999,1,00,31004_19990109_0000_00,0,58.37,125.22,OK,,0,,,,,1000.0,1000.0,,,,,,,0.0,0.0,0.0,0.0,-679.0,0.0,0.0,679.0,observed_or_geopot,-25.3,-25.3,-25.3,,,,,,,,,gdas.adpupa.t00z.19990109.bufr,
31004,Aldan,1999-01-09T00:00:00Z,1999,1,00,31004_19990109_0000_00,0,58.37,125.22,OK,,1,,,,,925.0,925.0,,,,,,,500.0,500.0,500.0,500.0,-179.0,500.0,500.0,1331.8,observed_or_geopot,-24.3,-24.3,-24.3,,,,,,,,,gdas.adpupa.t00z.19990109.bufr,
31004,Aldan,1999-01-09T00:00:00Z,1999,1,00,31004_19990109_0000_00,0,58.37,125.22,OK,,2,,,,,850.0,850.0,,,,,,,1000.0,1000.0,1000.0,1000.0,321.0,1000.0,1000.0,2029.0,observed_or_geopot,-22.3,-22.3,-22.3,,,,,,,,,gdas.adpupa.t00z.19990109.bufr,
31004,Aldan,1999-01-09T00:00:00Z,1999,1,00,31004_19990109_0000_00,0,58.37,125.22,OK,,3,,,,,700.0,700.0,,,,,,,1500.0,1500.0,1500.0,1500.0,821.0,1500.0,1500.0,3588.1,observed_or_geopot,-24.3,-24.3,-24.3,,,,,,,,,gdas.adpupa.t00z.19990109.bufr,
31004,Aldan,1999-01-09T00:00:00Z,1999,1,00,31004_19990109_0000_00,0,58.37,125.22,OK,,4,,,,,600.0,600.0,,,,,,,2000.0,2000.0,2000.0,2000.0,1321.0,2000.0,2000.0,4785.5,observed_or_geopot,-27.3,-27.3,-27.3,,,,,,,,,gdas.adpupa.t00z.19990109.bufr,
31004,Aldan,1999-01-09T00:00:00Z,1999,1,00,31004_19990109_0000_00,0,58.37,125.22,OK,,5,,,,,500.0,500.0,,,,,,,2500.0,2500.0,2500.0,2500.0,1821.0,2500.0,2500.0,6157.1,observed_or_geopot,-31.3,-31.3,-31.3,,,,,,,,,gdas.adpupa.t00z.19990109.bufr,
31004,Aldan,1999-01-09T12:00:00Z,1999,1,12,31004_19990109_1200_12,0,58.37,125.22,OK,,0,,,,,1000.0,1000.0,,,,,,,0.0,0.0,0.0,0.0,-679.0,0.0,0.0,679.0,observed_or_geopot,-25.3,-25.3,-25.3,,,,,,,,,gdas.adpupa.t12z.19990109.bufr,
31004,Aldan,1999-01-09T12:00:00Z,1999,1,12,31004_19990109_1200_12,0,58.37,125.22,OK,,1,,,,,925.0,925.0,,,,,,,500.0,500.0,500.0,500.0,-179.0,500.0,500.0,1331.8,observed_or_geopot,-24.3,-24.3,-24.3,,,,,,,,,gdas.adpupa.t12z.19990109.bufr,
31004,Aldan,1999-01-09T12:00:00Z,1999,1,12,31004_19990109_1200_12,0,58.37,125.22,OK,,2,,,,,850.0,850.0,,,,,,,1000.0,1000.0,1000.0,1000.0,321.0,1000.0,1000.0,2029.0,observed_or_geopot,-22.3,-22.3,-22.3,,,,,,,,,gdas.adpupa.t12z.19990109.bufr,
31004,Aldan,1999-01-09T12:00:00Z,1999,1,12,31004_19990109_1200_12,0,58.37,125.22,OK,,3,,,,,700.0,700.0,,,,,,,1500.0,1500.0,1500.0,1500.0,821.0,1500.0,1500.0,3588.1,observed_or_geopot,-24.3,-24.3,-24.3,,,,,,,,,gdas.adpupa.t12z.19990109.bufr,
31004,Aldan,1999-01-09T12:00:00Z,1999,1,12,31004_19990109_1200_12,0,58.37,125.22,OK,,4,,,,,600.0,600.0,,,,,,,2000.0,2000.0,2000.0,2000.0,1321.0,2000.0,2000.0,4785.5,observed_or_geopot,-27.3,-27.3,-27.3,,,,,,,,,gdas.adpupa.t12z.19990109.bufr,
31004,Aldan,1999-01-09T12:00:00Z,1999,1,12,31004_19990109_1200_12,0,58.37,125.22,OK,,5,,,,,500.0,500.0,,,,,,,2500.0,2500.0,2500.0,2500.0,1821.0,2500.0,2500.0,6157.1,observed_or_geopot,-31.3,-31.3,-31.3,,,,,,,,,gdas.adpupa.t12z.19990109.bufr,
31004,Aldan,1999-01-10T00:00:00Z,1999,1,00,31004_19990110_0000_00,0,58.37,125.22,OK,,0,,,,,1000.0,1000.0,,,,,,,0.0,0.0,0.0,0.0,-679.0,0.0,0.0,679.0,observed_or_geopot,-25.0,-25.0,-25.0,,,,,,,,,gdas.adpupa.t00z.19990110.bufr,
31004,Aldan,1999-01-10T00:00:00Z,1999,1,00,31004_19990110_0000_00,0,58.37,125.22,OK,,1,,,,,925.0,925.0,,,,,,,500.0,500.0,500.0,500.0,-179.0,500.0,500.0,1331.8,observed_or_geopot,-24.0,-24.0,-24.0,,,,,,,,,gdas.adpupa.t00z.19990110.bufr,
31004,Aldan,1999-01-10T00:00:00Z,1999,1,00,31004_19990110_0000_00,0,58.37,125.22,OK,,2,,,,,850.0,850.0,,,,,,,1000.0,1000.0,1000.0,1000.0,321.0,1000.0,1000.0,2029.0,observed_or_geopot,-22.0,-22.0,-22.0,,,,,,,,,gdas.adpupa.t00z.19990110.bufr,
31004,Aldan,1999-01-10T00:00:00Z,1999,1,00,31004_19990110_0000_00,0,58.37,125.22,OK,,3,,,,,700.0,700.0,,,,,,,1500.0,1500.0,1500.0,1500.0,821.0,1500.0,1500.0,3588.1,observed_or_geopot,-24.0,-24.0,-24.0,,,,,,,,,gdas.adpupa.t00z.19990110.bufr,
31004,Aldan,1999-01-10T00:00:00Z,1999,1,00,31004_19990110_0000_00,0,58.37,125.22,OK,,4,,,,,600.0,600.0,,,,,,,2000.0,2000.0,2000.0,2000.0,1321.0,2000.0,2000.0,4785.5,observed_or_geopot,-27.0,-27.0,-27.0,,,,,,,,,gdas.adpupa.t00z.19990110.bufr,
31004,Aldan,1999-01-10T00:00:00Z,1999,1,00,31004_19990110_0000_00,0,58.37,125.22,OK,,5,,,,,500.0,500.0,,,,,,,2500.0,2500.0,2500.0,2500.0,1821.0,2500.0,2500.0,6157.1,observed_or_geopot,-31.0,-31.0,-31.0,,,,,,,,,gdas.adpupa.t00z.19990110.bufr,
31004,Aldan,1999-01-10T12:00:00Z,1999,1,12,31004_19990110_1200_12,0,58.37,125.22,OK,,0,,,,,1000.0,1000.0,,,,,,,0.0,0.0,0.0,0.0,-679.0,0.0,0.0,679.0,observed_or_geopot,-25.0,-25.0,-25.0,,,,,,,,,gdas.adpupa.t12z.19990110.bufr,
31004,Aldan,1999-01-10T12:00:00Z,1999,1,12,31004_19990110_1200_12,0,58.37,125.22,OK,,1,,,,,925.0,925.0,,,,,,,500.0,500.0,500.0,500.0,-179.0,500.0,500.0,1331.8,observed_or_geopot,-24.0,-24.0,-24.0,,,,,,,,,gdas.adpupa.t12z.19990110.bufr,
31004,Aldan,1999-01-10T12:00:00Z,1999,1,12,31004_19990110_1200_12,0,58.37,125.22,OK,,2,,,,,850.0,850.0,,,,,,,1000.0,1000.0,1000.0,1000.0,321.0,1000.0,1000.0,2029.0,observed_or_geopot,-22.0,-22.0,-22.0,,,,,,,,,gdas.adpupa.t12z.19990110.bufr,
31004,Aldan,1999-01-10T12:00:00Z,1999,1,12,31004_19990110_1200_12,0,58.37,125.22,OK,,3,,,,,700.0,700.0,,,,,,,1500.0,1500.0,1500.0,1500.0,821.0,1500.0,1500.0,3588.1,observed_or_geopot,-24.0,-24.0,-24.0,,,,,,,,,gdas.adpupa.t12z.19990110.bufr,
31004,Aldan,1999-01-10T12:00:00Z,1999,1,12,31004_19990110_1200_12,0,58.37,125.22,OK,,4,,,,,600.0,600.0,,,,,,,2000.0,2000.0,2000.0,2000.0,1321.0,2000.0,2000.0,4785.5,observed_or_geopot,-27.0,-27.0,-27.0,,,,,,,,,gdas.adpupa.t12z.19990110.bufr,
31004,Aldan,1999-01-10T12:00:00Z,1999,1,12,31004_19990110_1200_12,0,58.37,125.22,OK,,5,,,,,500.0,500.0,,,,,,,2500.0,2500.0,2500.0,2500.0,1821.0,2500.0,2500.0,6157.1,observed_or_geopot,-31.0,-31.0,-31.0,,,,,,,,,gdas.adpupa.t12z.19990110.bufr,
31004,Aldan,1999-01-11T00:00:00Z,1999,1,00,31004_19990111_0000_00,0,58.37,125.22,OK,,0,,,,,1000.0,1000.0,,,,,,,0.0,0.0,0.0,0.0,-679.0,0.0,0.0,679.0,observed_or_geopot,-24.7,-24.7,-24.7,,,,,,,,,gdas.adpupa.t00z.19990111.bufr,
31004,Aldan,1999-01-11T00:00:00Z,1999,1,00,31004_19990111_0000_00,0,58.37,125.22,OK,,1,,,,,925.0,925.0,,,,,,,500.0,500.0,500.0,500.0,-179.0,500.0,500.0,1331.8,observed_or_geopot,-23.7,-23.7,-23.7,,,,,,,,,gdas.adpupa.t00z.19990111.bufr,
31004,Aldan,1999-01-11T00:00:00Z,1999,1,00,31004_19990111_0000_00,0,58.37,125.22,OK,,2,,,,,850.0,850.0,,,,,,,1000.0,1000.0,1000.0,1000.0,321.0,1000.0,1000.0,2029.0,observed_or_geopot,-21.7,-21.7,-21.7,,,,,,,,,gdas.adpupa.t00z.19990111.bufr,
31004,Aldan,1999-01-11T00:00:00Z,1999,1,00,31004_19990111_0000_00,0,58.37,125.22,OK,,3,,,,,700.0,700.0,,,,,,,1500.0,1500.0,1500.0,1500.0,821.0,1500.0,1500.0,3588.1,observed_or_geopot,-23.7,-23.7,-23.7,,,,,,,,,gdas.adpupa.t00z.19990111.bufr,
31004,Aldan,1999-01-11T00:00:00Z,1999,1,00,31004_19990111_0000_00,0,58.37,125.22,OK,,4,,,,,600.0,600.0,,,,,,,2000.0,2000.0,2000.0,2000.0,1321.0,2000.0,2000.0,4785.5,observed_or_geopot,-26.7,-26.7,-26.7,,,,,,,,,gdas.adpupa.t00z.19990111.bufr,
31004,Aldan,1999-01-11T00:00:00Z,1999,1,00,31004_19990111_0000_00,0,58.37,125.22,OK,,5,,,,,500.0,500.0,,,,,,,2500.0,2500.0,2500.0,2500.0,1821.0,2500.0,2500.0,6157.1,observed_or_geopot,-30.7,-30.7,-30.7,,,,,,,,,gdas.adpupa.t00z.19990111.bufr,
31004,Aldan,1999-01-11T12:00:00Z,1999,1,12,31004_19990111_1200_12,0,58.37,125.22,OK,,0,,,,,1000.0,1000.0,,,,,,,0.0,0.0,0.0,0.0,-679.0,0.0,0.0,679.0,observed_or_geopot,-24.7,-24.7,-24.7,,,,,,,,,gdas.adpupa.t12z.19990111.bufr,
31004,Aldan,1999-01-11T12:00:00Z,1999,1,12,31004_19990111_1200_12,0,58.37,125.22,OK,,1,,,,,925.0,925.0,,,,,,,500.0,500.0,500.0,500.0,-179.0,500.0,500.0,1331.8,observed_or_geopot,-23.7,-23.7,-23.7,,,,,,,,,gdas.adpupa.t12z.19990111.bufr,
31004,Aldan,1999-01-11T12:00:00Z,1999,1,12,31004_19990111_1200_12,0,58.37,125.22,OK,,2,,,,,850.0,850.0,,,,,,,1000.0,1000.0,1000.0,1000.0,321.0,1000.0,1000.0,2029.0,observed_or_geopot,-21.7,-21.7,-21.7,,,,,,,,,gdas.adpupa.t12z.19990111.bufr,
31004,Aldan,1999-01-11T12:00:00Z,1999,1,12,31004_19990111_1200_12,0,58.37,125.22,OK,,3,,,,,700.0,700.0,,,,,,,1500.0,1500.0,1500.0,1500.0,821.0,1500.0,1500.0,3588.1,observed_or_geopot,-23.7,-23.7,-23.7,,,,,,,,,gdas.adpupa.t12z.19990111.bufr,
31004,Aldan,1999-01-11T12:00:00Z,1999,1,12,31004_19990111_1200_12,0,58.37,125.22,OK,,4,,,,,600.0,600.0,,,,,,,2000.0,2000.0,2000.0,2000.0,1321.0,2000.0,2000.0,4785.5,observed_or_geopot,-26.7,-26.7,-26.7,,,,,,,,,gdas.adpupa.t12z.19990111.bufr,
31004,Aldan,1999-01-11T12:00:00Z,1999,1,12,31004_19990111_1200_12,0,58.37,125.22,OK,,5,,,,,500.0,500.0,,,,,,,2500.0,2500.0,2500.0,2500.0,1821.0,2500.0,2500.0,6157.1,observed_or_geopot,-30.7,-30.7,-30.7,,,,,,,,,gdas.adpupa.t12z.19990111.bufr,
31004,Aldan,1999-01-12T00:00:00Z,1999,1,00,31004_19990112_0000_00,0,58.37,125.22,OK,,0,,,,,1000.0,1000.0,,,,,,,0.0,0.0,0.0,0.0,-679.0,0.0,0.0,679.0,observed_or_geopot,-24.4,-24.4,-24.4,,,,,,,,,gdas.adpupa.t00z.19990112.bufr,
31004,Aldan,1999-01-12T00:00:00Z,1999,1,00,31004_19990112_0000_00,0,58.37,125.22,OK,,1,,,,,925.0,925.0,,,,,,,500.0,500.0,500.0,500.0,-179.0,500.0,500.0,1331.8,observed_or_geopot,-23.4,-23.4,-23.4,,,,,,,,,gdas.adpupa.t00z.19990112.bufr,
31004,Aldan,1999-01-12T00:00:00Z,1999,1,00,31004_19990112_0000_00,0,58.37,125.22,OK,,2,,,,,850.0,850.0,,,,,,,1000.0,1000.0,1000.0,1000.0,321.0,1000.0,1000.0,2029.0,observed_or_geopot,-21.4,-21.4,-21.4,,,,,,,,,gdas.adpupa.t00z.19990112.bufr,
31004,Aldan,1999-01-12T00:00:00Z,1999,1,00,31004_19990112_0000_00,0,58.37,125.22,OK,,3,,,,,700.0,700.0,,,,,,,1500.0,1500.0,1500.0,1500.0,821.0,1500.0,1500.0,3588.1,observed_or_geopot,-23.4,-23.4,-23.4,,,,,,,,,gdas.adpupa.t00z.19990112.bufr,
31004,Aldan,1999-01-12T00:00:00Z,1999,1,00,31004_19990112_0000_00,0,58.37,125.22,OK,,4,,,,,600.0,600.0,,,,,,,2000.0,2000.0,2000.0,2000.0,1321.0,2000.0,2000.0,4785.5,observed_or_geopot,-26.4,-26.4,-26.4,,,,,,,,,gdas.adpupa.t00z.19990112.bufr,
31004,Aldan,1999-01-12T00:00:00Z,1999,1,00,31004_19990112_0000_00,0,58.37,125.22,OK,,5,,,,,500.0,500.0,,,,,,,2500.0,2500.0,2500.0,2500.0,1821.0,2500.0,2500.0,6157.1,observed_or_geopot,-30.4,-30.4,-30.4,,,,,,,,,gdas.adpupa.t00z.19990112.bufr,
31004,Aldan,1999-01-12T12:00:00Z,1999,1,12,31004_19990112_1200_12,0,58.37,125.22,OK,,0,,,,,1000.0,1000.0,,,,,,,0.0,0.0,0.0,0.0,-679.0,0.0,0.0,679.0,observed_or_geopot,-24.4,-24.4,-24.4,,,,,,,,,gdas.adpupa.t12z.19990112.bufr,
31004,Aldan,1999-01-12T12:00:00Z,1999,1,12,31004_19990112_1200_12,0,58.37,125.22,OK,,1,,,,,925.0,925.0,,,,,,,500.0,500.0,500.0,500.0,-179.0,500.0,500.0,1331.8,observed_or_geopot,-23.4,-23.4,-23.4,,,,,,,,,gdas.adpupa.t12z.19990112.bufr,
31004,Aldan,1999-01-12T12:00:00Z,1999,1,12,31004_19990112_1200_12,0,58.37,125.22,OK,,2,,,,,850.0,850.0,,,,,,,1000.0,1000.0,1000.0,1000.0,321.0,1000.0,1000.0,2029.0,observed_or_geopot,-21.4,-21.4,-21.4,,,,,,,,,gdas.adpupa.t12z.19990112.bufr,
31004,Aldan,1999-01-12T12:00:00Z,1999,1,12,31004_19990112_1200_12,0,58.37,125.22,OK,,3,,,,,700.0,700.0,,,,,,,1500.0,1500.0,1500.0,1500.0,821.0,1500.0,1500.0,3588.1,observed_or_geopot,-23.4,-23.4,-23.4,,,,,,,,,gdas.adpupa.t12z.19990112.bufr,
31004,Aldan,1999-01-12T12:00:00Z,1999,1,12,31004_19990112_1200_12,0,58.37,125.22,OK,,4,,,,,600.0,600.0,,,,,,,2000.0,2000.0,2000.0,2000.0,1321.0,2000.0,2000.0,4785.5,observed_or_geopot,-26.4,-26.4,-26.4,,,,,,,,,gdas.adpupa.t12z.19990112.bufr,
31004,Aldan,1999-01-12T12:00:00Z,1999,1,12,31004_19990112_1200_12,0,58.37,125.22,OK,,5,,,,,500.0,500.0,,,,,,,2500.0,2500.0,2500.0,2500.0,1821.0,2500.0,2500.0,6157.1,observed_or_geopot,-30.4,-30.4,-30.4,,,,,,,,,gdas.adpupa.t12z.19990112.bufr,
31004,Aldan,1999-01-13T00:00:00Z,1999,1,00,31004_19990113_0000_00,0,58.37,125.22,OK,,0,,,,,1000.0,1000.0,,,,,,,0.0,0.0,0.0,0.0,-679.0,0.0,0.0,679.0,observed_or_geopot,-24.1,-24.1,-24.1,,,,,,,,,gdas.adpupa.t00z.19990113.bufr,
31004,Aldan,1999-01-13T00:00:00Z,1999,1,00,31004_19990113_0000_00,0,58.37,125.22,OK,,1,,,,,925.0,925.0,,,,,,,500.0,500.0,500.0,500.0,-179.0,500.0,500.0,1331.8,observed_or_geopot,-23.1,-23.1,-23.1,,,,,,,,,gdas.adpupa.t00z.19990113.bufr,
31004,Aldan,1999-01-13T00:00:00Z,1999,1,00,31004_19990113_0000_00,0,58.37,125.22,OK,,2,,,,,850.0,850.0,,,,,,,1000.0,1000.0,1000.0,1000.0,321.0,1000.0,1000.0,2029.0,observed_or_geopot,-21.1,-21.1,-21.1,,,,,,,,,gdas.adpupa.t00z.19990113.bufr,
31004,Aldan,1999-01-13T00:00:00Z,1999,1,00,31004_19990113_0000_00,0,58.37,125.22,OK,,3,,,,,700.0,700.0,,,,,,,1500.0,1500.0,1500.0,1500.0,821.0,1500.0,1500.0,3588.1,observed_or_geopot,-23.1,-23.1,-23.1,,,,,,,,,gdas.adpupa.t00z.19990113.bufr,
31004,Aldan,1999-01-13T00:00:00Z,1999,1,00,31004_19990113_0000_00,0,58.37,125.22,OK,,4,,,,,600.0,600.0,,,,,,,2000.0,2000.0,2000.0,2000.0,1321.0,2000.0,2000.0,4785.5,observed_or_geopot,-26.1,-26.1,-26.1,,,,,,,,,gdas.adpupa.t00z.19990113.bufr,
31004,Aldan,1999-01-13T00:00:00Z,1999,1,00,31004_19990113_0000_00,0,58.37,125.22,OK,,5,,,,,500.0,500.0,,,,,,,2500.0,2500.0,2500.0,2500.0,1821.0,2500.0,2500.0,6157.1,observed_or_geopot,-30.1,-30.1,-30.1,,,,,,,,,gdas.adpupa.t00z.19990113.bufr,
31004,Aldan,1999-01-13T12:00:00Z,1999,1,12,31004_19990113_1200_12,0,58.37,125.22,OK,,0,,,,,1000.0,1000.0,,,,,,,0.0,0.0,0.0,0.0,-679.0,0.0,0.0,679.0,observed_or_geopot,-24.1,-24.1,-24.1,,,,,,,,,gdas.adpupa.t12z.19990113.bufr,
31004,Aldan,1999-01-13T12:00:00Z,1999,1,12,31004_19990113_1200_12,0,58.37,125.22,OK,,1,,,,,925.0,925.0,,,,,,,500.0,500.0,500.0,500.0,-179.0,500.0,500.0,1331.8,observed_or_geopot,-23.1,-23.1,-23.1,,,,,,,,,gdas.adpupa.t12z.19990113.bufr,
31004,Aldan,1999-01-13T12:00:00Z,1999,1,12,31004_19990113_1200_12,0,58.37,125.22,OK,,2,,,,,850.0,850.0,,,,,,,1000.0,1000.0,1000.0,1000.0,321.0,1000.0,1000.0,2029.0,observed_or_geopot,-21.1,-21.1,-21.1,,,,,,,,,gdas.adpupa.t12z.19990113.bufr,
31004,Aldan,1999-01-13T12:00:00Z,1999,1,12,31004_19990113_1200_12,0,58.37,125.22,OK,,3,,,,,700.0,700.0,,,,,,,1500.0,1500.0,1500.0,1500.0,821.0,1500.0,1500.0,3588.1,observed_or_geopot,-23.1,-23.1,-23.1,,,,,,,,,gdas.adpupa.t12z.19990113.bufr,
31004,Aldan,1999-01-13T12:00:00Z,1999,1,12,31004_19990113_1200_12,0,58.37,125.22,OK,,4,,,,,600.0,600.0,,,,,,,2000.0,2000.0,2000.0,2000.0,1321.0,2000.0,2000.0,4785.5,observed_or_geopot,-26.1,-26.1,-26.1,,,,,,,,,gdas.adpupa.t12z.19990113.bufr,
31004,Aldan,1999-01-13T12:00:00Z,1999,1,12,31004_19990113_1200_12,0,58.37,125.22,OK,,5,,,,,500.0,500.0,,,,,,,2500.0,2500.0,2500.0,2500.0,1821.0,2500.0,2500.0,6157.1,observed_or_geopot,-30.1,-30.1,-30.1,,,,,,,,,gdas.adpupa.t12z.19990113.bufr,
31004,Aldan,1999-01-14T00:00:00Z,1999,1,00,31004_19990114_0000_00,0,58.37,125.22,OK,,0,,,,,1000.0,1000.0,,,,,,,0.0,0.0,0.0,0.0,-679.0,0.0,0.0,679.0,observed_or_geopot,-23.8,-23.8,-23.8,,,,,,,,,gdas.adpupa.t00z.19990114.bufr,
31004,Aldan,1999-01-14T00:00:00Z,1999,1,00,31004_19990114_0000_00,0,58.37,125.22,OK,,1,,,,,925.0,925.0,,,,,,,500.0,500.0,500.0,500.0,-179.0,500.0,500.0,1331.8,observed_or_geopot,-22.8,-22.8,-22.8,,,,,,,,,gdas.adpupa.t00z.19990114.bufr,
31004,Aldan,1999-01-14T00:00:00Z,1999,1,00,31004_19990114_0000_00,0,58.37,125.22,OK,,2,,,,,850.0,850.0,,,,,,,1000.0,1000.0,1000.0,1000.0,321.0,1000.0,1000.0,2029.0,observed_or_geopot,-20.8,-20.8,-20.8,,,,,,,,,gdas.adpupa.t00z.19990114.bufr,
31004,Aldan,1999-01-14T00:00:00Z,1999,1,00,31004_19990114_0000_00,0,58.37,125.22,OK,,3,,,,,700.0,700.0,,,,,,,1500.0,1500.0,1500.0,1500.0,821.0,1500.0,1500.0,3588.1,observed_or_geopot,-22.8,-22.8,-22.8,,,,,,,,,gdas.adpupa.t00z.19990114.bufr,
31004,Aldan,1999-01-14T00:00:00Z,1999,1,00,31004_19990114_0000_00,0,58.37,125.22,OK,,4,,,,,600.0,600.0,,,,,,,2000.0,2000.0,2000.0,2000.0,1321.0,2000.0,2000.0,4785.5,observed_or_geopot,-25.8,-25.8,-25.8,,,,,,,,,gdas.adpupa.t00z.19990114.bufr,
31004,Aldan,1999-01-14T00:00:00Z,1999,1,00,31004_19990114_0000_00,0,58.37,125.22,OK,,5,,,,,500.0,500.0,,,,,,,2500.0,2500.0,2500.0,2500.0,1821.0,2500.0,2500.0,6157.1,observed_or_geopot,-29.8,-29.8,-29.8,,,,,,,,,gdas.adpupa.t00z.19990114.bufr,
31004,Aldan,1999-01-14T12:00:00Z,1999,1,12,31004_19990114_1200_12,0,58.37,125.22,OK,,0,,,,,1000.0,1000.0,,,,,,,0.0,0.0,0.0,0.0,-679.0,0.0,0.0,679.0,observed_or_geopot,-23.8,-23.8,-23.8,,,,,,,,,gdas.adpupa.t12z.19990114.bufr,
31004,Aldan,1999-01-14T12:00:00Z,1999,1,12,31004_19990114_1200_12,0,58.37,125.22,OK,,1,,,,,925.0,925.0,,,,,,,500.0,500.0,500.0,500.0,-179.0,500.0,500.0,1331.8,observed_or_geopot,-22.8,-22.8,-22.8,,,,,,,,,gdas.adpupa.t12z.19990114.bufr,
31004,Aldan,1999-01-14T12:00:00Z,1999,1,12,31004_19990114_1200_12,0,58.37,125.22,OK,,2,,,,,850.0,850.0,,,,,,,1000.0,1000.0,1000.0,1000.0,321.0,1000.0,1000.0,2029.0,observed_or_geopot,-20.8,-20.8,-20.8,,,,,,,,,gdas.adpupa.t12z.19990114.bufr,
31004,Aldan,1999-01-14T12:00:00Z,1999,1,12,31004_19990114_1200_12,0,58.37,125.22,OK,,3,,,,,700.0,700.0,,,,,,,1500.0,1500.0,1500.0,1500.0,821.0,1500.0,1500.0,3588.1,observed_or_geopot,-22.8,-22.8,-22.8,,,,,,,,,gdas.adpupa.t12z.19990114.bufr,
31004,Aldan,1999-01-14T12:00:00Z,1999,1,12,31004_19990114_1200_12,0,58.37,125.22,OK,,4,,,,,600.0,600.0,,,,,,,2000.0,2000.0,2000.0,2000.0,1321.0,2000.0,2000.0,4785.5,observed_or_geopot,-25.8,-25.8,-25.8,,,,,,,,,gdas.adpupa.t12z.19990114.bufr,
31004,Aldan,1999-01-14T12:00:00Z,1999,1,12,31004_19990114_1200_12,0,58.37,125.22,OK,,5,,,,,500.0,500.0,,,,,,,2500.0,2500.0,2500.0,2500.0,1821.0,2500.0,2500.0,6157.1,observed_or_geopot,-29.8,-29.8,-29.8,,,,,,,,,gdas.adpupa.t12z.19990114.bufr,
31004,Aldan,1999-01-15T00:00:00Z,1999,1,00,31004_19990115_0000_00,0,58.37,125.22,OK,,0,,,,,1000.0,1000.0,,,,,,,0.0,0.0,0.0,0.0,-679.0,0.0,0.0,679.0,observed_or_geopot,-23.5,-23.5,-23.5,,,,,,,,,gdas.adpupa.t00z.19990115.bufr,
31004,Aldan,1999-01-15T00:00:00Z,1999,1,00,31004_19990115_0000_00,0,58.37,125.22,OK,,1,,,,,925.0,925.0,,,,,,,500.0,500.0,500.0,500.0,-179.0,500.0,500.0,1331.8,observed_or_geopot,-22.5,-22.5,-22.5,,,,,,,,,gdas.adpupa.t00z.19990115.bufr,
31004,Aldan,1999-01-15T00:00:00Z,1999,1,00,31004_19990115_0000_00,0,58.37,125.22,OK,,2,,,,,850.0,850.0,,,,,,,1000.0,1000.0,1000.0,1000.0,321.0,1000.0,1000.0,2029.0,observed_or_geopot,-20.5,-20.5,-20.5,,,,,,,,,gdas.adpupa.t00z.19990115.bufr,
31004,Aldan,1999-01-15T00:00:00Z,1999,1,00,31004_19990115_0000_00,0,58.37,125.22,OK,,3,,,,,700.0,700.0,,,,,,,1500.0,1500.0,1500.0,1500.0,821.0,1500.0,1500.0,3588.1,observed_or_geopot,-22.5,-22.5,-22.5,,,,,,,,,gdas.adpupa.t00z.19990115.bufr,
31004,Aldan,1999-01-15T00:00:00Z,1999,1,00,31004_19990115_0000_00,0,58.37,125.22,OK,,4,,,,,600.0,600.0,,,,,,,2000.0,2000.0,2000.0,2000.0,1321.0,2000.0,2000.0,4785.5,observed_or_geopot,-25.5,-25.5,-25.5,,,,,,,,,gdas.adpupa.t00z.19990115.bufr,
31004,Aldan,1999-01-15T00:00:00Z,1999,1,00,31004_19990115_0000_00,0,58.37,125.22,OK,,5,,,,,500.0,500.0,,,,,,,2500.0,2500.0,2500.0,2500.0,1821.0,2500.0,2500.0,6157.1,observed_or_geopot,-29.5,-29.5,-29.5,,,,,,,,,gdas.adpupa.t00z.19990115.bufr,
31004,Aldan,1999-01-15T12:00:00Z,1999,1,12,31004_19990115_1200_12,0,58.37,125.22,OK,,0,,,,,1000.0,1000.0,,,,,,,0.0,0.0,0.0,0.0,-679.0,0.0,0.0,679.0,observed_or_geopot,-23.5,-23.5,-23.5,,,,,,,,,gdas.adpupa.t12z.19990115.bufr,
31004,Aldan,1999-01-15T12:00:00Z,1999,1,12,31004_19990115_1200_12,0,58.37,125.22,OK,,1,,,,,925.0,925.0,,,,,,,500.0,500.0,500.0,500.0,-179.0,500.0,500.0,1331.8,observed_or_geopot,-22.5,-22.5,-22.5,,,,,,,,,gdas.adpupa.t12z.19990115.bufr,
31004,Aldan,1999-01-15T12:00:00Z,1999,1,12,31004_19990115_1200_12,0,58.37,125.22,OK,,2,,,,,850.0,850.0,,,,,,,1000.0,1000.0,1000.0,1000.0,321.0,1000.0,1000.0,2029.0,observed_or_geopot,-20.5,-20.5,-20.5,,,,,,,,,gdas.adpupa.t12z.19990115.bufr,
31004,Aldan,1999-01-15T12:00:00Z,1999,1,12,31004_19990115_1200_12,0,58.37,125.22,OK,,3,,,,,700.0,700.0,,,,,,,1500.0,1500.0,1500.0,1500.0,821.0,1500.0,1500.0,3588.1,observed_or_geopot,-22.5,-22.5,-22.5,,,,,,,,,gdas.adpupa.t12z.19990115.bufr,
31004,Aldan,1999-01-15T12:00:00Z,1999,1,12,31004_19990115_1200_12,0,58.37,125.22,OK,,4,,,,,600.0,600.0,,,,,,,2000.0,2000.0,2000.0,2000.0,1321.0,2000.0,2000.0,4785.5,observed_or_geopot,-25.5,-25.5,-25.5,,,,,,,,,gdas.adpupa.t12z.19990115.bufr,
31004,Aldan,1999-01-15T12:00:00Z,1999,1,12,31004_19990115_1200_12,0,58.37,125.22,OK,,5,,,,,500.0,500.0,,,,,,,2500.0,2500.0,2500.0,2500.0,1821.0,2500.0,2500.0,6157.1,observed_or_geopot,-29.5,-29.5,-29.5,,,,,,,,,gdas.adpupa.t12z.19990115.bufr,
31004,Aldan,1999-01-16T00:00:00Z,1999,1,00,31004_19990116_0000_00,0,58.37,125.22,OK,,0,,,,,1000.0,1000.0,,,,,,,0.0,0.0,0.0,0.0,-679.0,0.0,0.0,679.0,observed_or_geopot,-23.2,-23.2,-23.2,,,,,,,,,gdas.adpupa.t00z.19990116.bufr,
31004,Aldan,1999-01-16T00:00:00Z,1999,1,00,31004_19990116_0000_00,0,58.37,125.22,OK,,1,,,,,925.0,925.0,,,,,,,500.0,500.0,500.0,500.0,-179.0,500.0,500.0,1331.8,observed_or_geopot,-22.2,-22.2,-22.2,,,,,,,,,gdas.adpupa.t00z.19990116.bufr,
31004,Aldan,1999-01-16T00:00:00Z,1999,1,00,31004_19990116_0000_00,0,58.37,125.22,OK,,2,,,,,850.0,850.0,,,,,,,1000.0,1000.0,1000.0,1000.0,321.0,1000.0,1000.0,2029.0,observed_or_geopot,-20.2,-20.2,-20.2,,,,,,,,,gdas.adpupa.t00z.19990116.bufr,
31004,Aldan,1999-01-16T00:00:00Z,1999,1,00,31004_19990116_0000_00,0,58.37,125.22,OK,,3,,,,,700.0,700.0,,,,,,,1500.0,1500.0,1500.0,1500.0,821.0,1500.0,1500.0,3588.1,observed_or_geopot,-22.2,-22.2,-22.2,,,,,,,,,gdas.adpupa.t00z.19990116.bufr,
31004,Aldan,1999-01-16T00:00:00Z,1999,1,00,31004_19990116_0000_00,0,58.37,125.22,OK,,4,,,,,600.0,600.0,,,,,,,2000.0,2000.0,2000.0,2000.0,1321.0,2000.0,2000.0,4785.5,observed_or_geopot,-25.2,-25.2,-25.2,,,,,,,,,gdas.adpupa.t00z.19990116.bufr,
31004,Aldan,1999-01-16T00:00:00Z,1999,1,00,31004_19990116_0000_00,0,58.37,125.22,OK,,5,,,,,500.0,500.0,,,,,,,2500.0,2500.0,2500.0,2500.0,1821.0,2500.0,2500.0,6157.1,observed_or_geopot,-29.2,-29.2,-29.2,,,,,,,,,gdas.adpupa.t00z.19990116.bufr,
31004,Aldan,1999-01-16T12:00:00Z,1999,1,12,31004_19990116_1200_12,0,58.37,125.22,OK,,0,,,,,1000.0,1000.0,,,,,,,0.0,0.0,0.0,0.0,-679.0,0.0,0.0,679.0,observed_or_geopot,-23.2,-23.2,-23.2,,,,,,,,,gdas.adpupa.t12z.19990116.bufr,
31004,Aldan,1999-01-16T12:00:00Z,1999,1,12,31004_19990116_1200_12,0,58.37,125.22,OK,,1,,,,,925.0,925.0,,,,,,,500.0,500.0,500.0,500.0,-179.0,500.0,500.0,1331.8,observed_or_geopot,-22.2,-22.2,-22.2,,,,,,,,,gdas.adpupa.t12z.19990116.bufr,
31004,Aldan,1999-01-16T12:00:00Z,1999,1,12,31004_19990116_1200_12,0,58.37,125.22,OK,,2,,,,,850.0,850.0,,,,,,,1000.0,1000.0,1000.0,1000.0,321.0,1000.0,1000.0,2029.0,observed_or_geopot,-20.2,-20.2,-20.2,,,,,,,,,gdas.adpupa.t12z.19990116.bufr,
31004,Aldan,1999-01-16T12:00:00Z,1999,1,12,31004_19990116_1200_12,0,58.37,125.22,OK,,3,,,,,700.0,700.0,,,,,,,1500.0,1500.0,1500.0,1500.0,821.0,1500.0,1500.0,3588.1,observed_or_geopot,-22.2,-22.2,-22.2,,,,,,,,,gdas.adpupa.t12z.19990116.bufr,
31004,Aldan,1999-01-16T12:00:00Z,1999,1,12,31004_19990116_1200_12,0,58.37,125.22,OK,,4,,,,,600.0,600.0,,,,,,,2000.0,2000.0,2000.0,2000.0,1321.0,2000.0,2000.0,4785.5,observed_or_geopot,-25.2,-25.2,-25.2,,,,,,,,,gdas.adpupa.t12z.19990116.bufr,
31004,Aldan,1999-01-16T12:00:00Z,1999,1,12,31004_19990116_1200_12,0,58.37,125.22,OK,,5,,,,,500.0,500.0,,,,,,,2500.0,2500.0,2500.0,2500.0,1821.0,2500.0,2500.0,6157.1,observed_or_geopot,-29.2,-29.2,-29.2,,,,,,,,,gdas.adpupa.t12z.19990116.bufr,
31004,Aldan,1999-01-17T00:00:00Z,1999,1,00,31004_19990117_0000_00,0,58.37,125.22,OK,,0,,,,,1000.0,1000.0,,,,,,,0.0,0.0,0.0,0.0,-679.0,0.0,0.0,679.0,observed_or_geopot,-22.9,-22.9,-22.9,,,,,,,,,gdas.adpupa.t00z.19990117.bufr,
31004,Aldan,1999-01-17T00:00:00Z,1999,1,00,31004_19990117_0000_00,0,58.37,125.22,OK,,1,,,,,925.0,925.0,,,,,,,500.0,500.0,500.0,500.0,-179.0,500.0,500.0,1331.8,observed_or_geopot,-21.9,-21.9,-21.9,,,,,,,,,gdas.adpupa.t00z.19990117.bufr,
31004,Aldan,1999-01-17T00:00:00Z,1999,1,00,31004_19990117_0000_00,0,58.37,125.22,OK,,2,,,,,850.0,850.0,,,,,,,1000.0,1000.0,1000.0,1000.0,321.0,1000.0,1000.0,2029.0,observed_or_geopot,-19.9,-19.9,-19.9,,,,,,,,,gdas.adpupa.t00z.19990117.bufr,
31004,Aldan,1999-01-17T00:00:00Z,1999,1,00,31004_19990117_0000_00,0,58.37,125.22,OK,,3,,,,,700.0,700.0,,,,,,,1500.0,1500.0,1500.0,1500.0,821.0,1500.0,1500.0,3588.1,observed_or_geopot,-21.9,-21.9,-21.9,,,,,,,,,gdas.adpupa.t00z.19990117.bufr,
31004,Aldan,1999-01-17T00:00:00Z,1999,1,00,31004_19990117_0000_00,0,58.37,125.22,OK,,4,,,,,600.0,600.0,,,,,,,2000.0,2000.0,2000.0,2000.0,1321.0,2000.0,2000.0,4785.5,observed_or_geopot,-24.9,-24.9,-24.9,,,,,,,,,gdas.adpupa.t00z.19990117.bufr,
31004,Aldan,1999-01-17T00:00:00Z,1999,1,00,31004_19990117_0000_00,0,58.37,125.22,OK,,5,,,,,500.0,500.0,,,,,,,2500.0,2500.0,2500.0,2500.0,1821.0,2500.0,2500.0,6157.1,observed_or_geopot,-28.9,-28.9,-28.9,,,,,,,,,gdas.adpupa.t00z.19990117.bufr,
31004,Aldan,1999-01-17T12:00:00Z,1999,1,12,31004_19990117_1200_12,0,58.37,125.22,OK,,0,,,,,1000.0,1000.0,,,,,,,0.0,0.0,0.0,0.0,-679.0,0.0,0.0,679.0,observed_or_geopot,-22.9,-22.9,-22.9,,,,,,,,,gdas.adpupa.t12z.19990117.bufr,
31004,Aldan,1999-01-17T12:00:00Z,1999,1,12,31004_19990117_1200_12,0,58.37,125.22,OK,,1,,,,,925.0,925.0,,,,,,,500.0,500.0,500.0,500.0,-179.0,500.0,500.0,1331.8,observed_or_geopot,-21.9,-21.9,-21.9,,,,,,,,,gdas.adpupa.t12z.19990117.bufr,
31004,Aldan,1999-01-17T12:00:00Z,1999,1,12,31004_19990117_1200_12,0,58.37,125.22,OK,,2,,,,,850.0,850.0,,,,,,,1000.0,1000.0,1000.0,1000.0,321.0,1000.0,1000.0,2029.0,observed_or_geopot,-19.9,-19.9,-19.9,,,,,,,,,gdas.adpupa.t12z.19990117.bufr,
31004,Aldan,1999-01-17T12:00:00Z,1999,1,12,31004_19990117_1200_12,0,58.37,125.22,OK,,3,,,,,700.0,700.0,,,,,,,1500.0,1500.0,1500.0,1500.0,821.0,1500.0,1500.0,3588.1,observed_or_geopot,-21.9,-21.9,-21.9,,,,,,,,,gdas.adpupa.t12z.19990117.bufr,
31004,Aldan,1999-01-17T12:00:00Z,1999,1,12,31004_19990117_1200_12,0,58.37,125.22,OK,,4,,,,,600.0,600.0,,,,,,,2000.0,2000.0,2000.0,2000.0,1321.0,2000.0,2000.0,4785.5,observed_or_geopot,-24.9,-24.9,-24.9,,,,,,,,,gdas.adpupa.t12z.19990117.bufr,
31004,Aldan,1999-01-17T12:00:00Z,1999,1,12,31004_19990117_1200_12,0,58.37,125.22,OK,,5,,,,,500.0,500.0,,,,,,,2500.0,2500.0,2500.0,2500.0,1821.0,2500.0,2500.0,6157.1,observed_or_geopot,-28.9,-28.9,-28.9,,,,,,,,,gdas.adpupa.t12z.19990117.bufr,
31004,Aldan,1999-01-18T00:00:00Z,1999,1,00,31004_19990118_0000_00,0,58.37,125.22,OK,,0,,,,,1000.0,1000.0,,,,,,,0.0,0.0,0.0,0.0,-679.0,0.0,0.0,679.0,observed_or_geopot,-22.6,-22.6,-22.6,,,,,,,,,gdas.adpupa.t00z.19990118.bufr,
31004,Aldan,1999-01-18T00:00:00Z,1999,1,00,31004_19990118_0000_00,0,58.37,125.22,OK,,1,,,,,925.0,925.0,,,,,,,500.0,500.0,500.0,500.0,-179.0,500.0,500.0,1331.8,observed_or_geopot,-21.6,-21.6,-21.6,,,,,,,,,gdas.adpupa.t00z.19990118.bufr,
31004,Aldan,1999-01-18T00:00:00Z,1999,1,00,31004_19990118_0000_00,0,58.37,125.22,OK,,2,,,,,850.0,850.0,,,,,,,1000.0,1000.0,1000.0,1000.0,321.0,1000.0,1000.0,2029.0,observed_or_geopot,-19.6,-19.6,-19.6,,,,,,,,,gdas.adpupa.t00z.19990118.bufr,
31004,Aldan,1999-01-18T00:00:00Z,1999,1,00,31004_19990118_0000_00,0,58.37,125.22,OK,,3,,,,,700.0,700.0,,,,,,,1500.0,1500.0,1500.0,1500.0,821.0,1500.0,1500.0,3588.1,observed_or_geopot,-21.6,-21.6,-21.6,,,,,,,,,gdas.adpupa.t00z.19990118.bufr,
31004,Aldan,1999-01-18T00:00:00Z,1999,1,00,31004_19990118_0000_00,0,58.37,125.22,OK,,4,,,,,600.0,600.0,,,,,,,2000.0,2000.0,2000.0,2000.0,1321.0,2000.0,2000.0,4785.5,observed_or_geopot,-24.6,-24.6,-24.6,,,,,,,,,gdas.adpupa.t00z.19990118.bufr,
31004,Aldan,1999-01-18T00:00:00Z,1999,1,00,31004_19990118_0000_00,0,58.37,125.22,OK,,5,,,,,500.0,500.0,,,,,,,2500.0,2500.0,2500.0,2500.0,1821.0,2500.0,2500.0,6157.1,observed_or_geopot,-28.6,-28.6,-28.6,,,,,,,,,gdas.adpupa.t00z.19990118.bufr,
31004,Aldan,1999-01-18T12:00:00Z,1999,1,12,31004_19990118_1200_12,0,58.37,125.22,OK,,0,,,,,1000.0,1000.0,,,,,,,0.0,0.0,0.0,0.0,-679.0,0.0,0.0,679.0,observed_or_geopot,-22.6,-22.6,-22.6,,,,,,,,,gdas.adpupa.t12z.19990118.bufr,
31004,Aldan,1999-01-18T12:00:00Z,1999,1,12,31004_19990118_1200_12,0,58.37,125.22,OK,,1,,,,,925.0,925.0,,,,,,,500.0,500.0,500.0,500.0,-179.0,500.0,500.0,1331.8,observed_or_geopot,-21.6,-21.6,-21.6,,,,,,,,,gdas.adpupa.t12z.19990118.bufr,
31004,Aldan,1999-01-18T12:00:00Z,1999,1,12,31004_19990118_1200_12,0,58.37,125.22,OK,,2,,,,,850.0,850.0,,,,,,,1000.0,1000.0,1000.0,1000.0,321.0,1000.0,1000.0,2029.0,observed_or_geopot,-19.6,-19.6,-19.6,,,,,,,,,gdas.adpupa.t12z.19990118.bufr,
31004,Aldan,1999-01-18T12:00:00Z,1999,1,12,31004_19990118_1200_12,0,58.37,125.22,OK,,3,,,,,700.0,700.0,,,,,,,1500.0,1500.0,1500.0,1500.0,821.0,1500.0,1500.0,3588.1,observed_or_geopot,-21.6,-21.6,-21.6,,,,,,,,,gdas.adpupa.t12z.19990118.bufr,
31004,Aldan,1999-01-18T12:00:00Z,1999,1,12,31004_19990118_1200_12,0,58.37,125.22,OK,,4,,,,,600.0,600.0,,,,,,,2000.0,2000.0,2000.0,2000.0,1321.0,2000.0,2000.0,4785.5,observed_or_geopot,-24.6,-24.6,-24.6,,,,,,,,,gdas.adpupa.t12z.19990118.bufr,
31004,Aldan,1999-01-18T12:00:00Z,1999,1,12,31004_19990118_1200_12,0,58.37,125.22,OK,,5,,,,,500.0,500.0,,,,,,,2500.0,2500.0,2500.0,2500.0,1821.0,2500.0,2500.0,6157.1,observed_or_geopot,-28.6,-28.6,-28.6,,,,,,,,,gdas.adpupa.t12z.19990118.bufr,
31004,Aldan,1999-01-19T00:00:00Z,1999,1,00,31004_19990119_0000_00,0,58.37,125.22,OK,,0,,,,,1000.0,1000.0,,,,,,,0.0,0.0,0.0,0.0,-679.0,0.0,0.0,679.0,observed_or_geopot,-22.3,-22.3,-22.3,,,,,,,,,gdas.adpupa.t00z.19990119.bufr,
31004,Aldan,1999-01-19T00:00:00Z,1999,1,00,31004_19990119_0000_00,0,58.37,125.22,OK,,1,,,,,925.0,925.0,,,,,,,500.0,500.0,500.0,500.0,-179.0,500.0,500.0,1331.8,observed_or_geopot,-21.3,-21.3,-21.3,,,,,,,,,gdas.adpupa.t00z.19990119.bufr,
31004,Aldan,1999-01-19T00:00:00Z,1999,1,00,31004_19990119_0000_00,0,58.37,125.22,OK,,2,,,,,850.0,850.0,,,,,,,1000.0,1000.0,1000.0,1000.0,321.0,1000.0,1000.0,2029.0,observed_or_geopot,-19.3,-19.3,-19.3,,,,,,,,,gdas.adpupa.t00z.19990119.bufr,
31004,Aldan,1999-01-19T00:00:00Z,1999,1,00,31004_19990119_0000_00,0,58.37,125.22,OK,,3,,,,,700.0,700.0,,,,,,,1500.0,1500.0,1500.0,1500.0,821.0,1500.0,1500.0,3588.1,observed_or_geopot,-21.3,-21.3,-21.3,,,,,,,,,gdas.adpupa.t00z.19990119.bufr,
31004,Aldan,1999-01-19T00:00:00Z,1999,1,00,31004_19990119_0000_00,0,58.37,125.22,OK,,4,,,,,600.0,600.0,,,,,,,2000.0,2000.0,2000.0,2000.0,1321.0,2000.0,2000.0,4785.5,observed_or_geopot,-24.3,-24.3,-24.3,,,,,,,,,gdas.adpupa.t00z.19990119.bufr,
31004,Aldan,1999-01-19T00:00:00Z,1999,1,00,31004_19990119_0000_00,0,58.37,125.22,OK,,5,,,,,500.0,500.0,,,,,,,2500.0,2500.0,2500.0,2500.0,1821.0,2500.0,2500.0,6157.1,observed_or_geopot,-28.3,-28.3,-28.3,,,,,,,,,gdas.adpupa.t00z.19990119.bufr,
31004,Aldan,1999-01-19T12:00:00Z,1999,1,12,31004_19990119_1200_12,0,58.37,125.22,OK,,0,,,,,1000.0,1000.0,,,,,,,0.0,0.0,0.0,0.0,-679.0,0.0,0.0,679.0,observed_or_geopot,-22.3,-22.3,-22.3,,,,,,,,,gdas.adpupa.t12z.19990119.bufr,
31004,Aldan,1999-01-19T12:00:00Z,1999,1,12,31004_19990119_1200_12,0,58.37,125.22,OK,,1,,,,,925.0,925.0,,,,,,,500.0,500.0,500.0,500.0,-179.0,500.0,500.0,1331.8,observed_or_geopot,-21.3,-21.3,-21.3,,,,,,,,,gdas.adpupa.t12z.19990119.bufr,
31004,Aldan,1999-01-19T12:00:00Z,1999,1,12,31004_19990119_1200_12,0,58.37,125.22,OK,,2,,,,,850.0,850.0,,,,,,,1000.0,1000.0,1000.0,1000.0,321.0,1000.0,1000.0,2029.0,observed_or_geopot,-19.3,-19.3,-19.3,,,,,,,,,gdas.adpupa.t12z.19990119.bufr,
31004,Aldan,1999-01-19T12:00:00Z,1999,1,12,31004_19990119_1200_12,0,58.37,125.22,OK,,3,,,,,700.0,700.0,,,,,,,1500.0,1500.0,1500.0,1500.0,821.0,1500.0,1500.0,3588.1,observed_or_geopot,-21.3,-21.3,-21.3,,,,,,,,,gdas.adpupa.t12z.19990119.bufr,
31004,Aldan,1999-01-19T12:00:00Z,1999,1,12,31004_19990119_1200_12,0,58.37,125.22,OK,,4,,,,,600.0,600.0,,,,,,,2000.0,2000.0,2000.0,2000.0,1321.0,2000.0,2000.0,4785.5,observed_or_geopot,-24.3,-24.3,-24.3,,,,,,,,,gdas.adpupa.t12z.19990119.bufr,
31004,Aldan,1999-01-19T12:00:00Z,1999,1,12,31004_19990119_1200_12,0,58.37,125.22,OK,,5,,,,,500.0,500.0,,,,,,,2500.0,2500.0,2500.0,2500.0,1821.0,2500.0,2500.0,6157.1,observed_or_geopot,-28.3,-28.3,-28.3,,,,,,,,,gdas.adpupa.t12z.19990119.bufr,
31004,Aldan,1999-01-20T00:00:00Z,1999,1,00,31004_19990120_0000_00,0,58.37,125.22,OK,,0,,,,,1000.0,1000.0,,,,,,,0.0,0.0,0.0,0.0,-679.0,0.0,0.0,679.0,observed_or_geopot,-22.0,-22.0,-22.0,,,,,,,,,gdas.adpupa.t00z.19990120.bufr,
31004,Aldan,1999-01-20T00:00:00Z,1999,1,00,31004_19990120_0000_00,0,58.37,125.22,OK,,1,,,,,925.0,925.0,,,,,,,500.0,500.0,500.0,500.0,-179.0,500.0,500.0,1331.8,observed_or_geopot,-21.0,-21.0,-21.0,,,,,,,,,gdas.adpupa.t00z.19990120.bufr,
31004,Aldan,1999-01-20T00:00:00Z,1999,1,00,31004_19990120_0000_00,0,58.37,125.22,OK,,2,,,,,850.0,850.0,,,,,,,1000.0,1000.0,1000.0,1000.0,321.0,1000.0,1000.0,2029.0,observed_or_geopot,-19.0,-19.0,-19.0,,,,,,,,,gdas.adpupa.t00z.19990120.bufr,
31004,Aldan,1999-01-20T00:00:00Z,1999,1,00,31004_19990120_0000_00,0,58.37,125.22,OK,,3,,,,,700.0,700.0,,,,,,,1500.0,1500.0,1500.0,1500.0,821.0,1500.0,1500.0,3588.1,observed_or_geopot,-21.0,-21.0,-21.0,,,,,,,,,gdas.adpupa.t00z.19990120.bufr,
31004,Aldan,1999-01-20T00:00:00Z,1999,1,00,31004_19990120_0000_00,0,58.37,125.22,OK,,4,,,,,600.0,600.0,,,,,,,2000.0,2000.0,2000.0,2000.0,1321.0,2000.0,2000.0,4785.5,observed_or_geopot,-24.0,-24.0,-24.0,,,,,,,,,gdas.adpupa.t00z.19990120.bufr,
31004,Aldan,1999-01-20T00:00:00Z,1999,1,00,31004_19990120_0000_00,0,58.37,125.22,OK,,5,,,,,500.0,500.0,,,,,,,2500.0,2500.0,2500.0,2500.0,1821.0,2500.0,2500.0,6157.1,observed_or_geopot,-28.0,-28.0,-28.0,,,,,,,,,gdas.adpupa.t00z.19990120.bufr,
31004,Aldan,1999-01-20T12:00:00Z,1999,1,12,31004_19990120_1200_12,0,58.37,125.22,OK,,0,,,,,1000.0,1000.0,,,,,,,0.0,0.0,0.0,0.0,-679.0,0.0,0.0,679.0,observed_or_geopot,-22.0,-22.0,-22.0,,,,,,,,,gdas.adpupa.t12z.19990120.bufr,
31004,Aldan,1999-01-20T12:00:00Z,1999,1,12,31004_19990120_1200_12,0,58.37,125.22,OK,,1,,,,,925.0,925.0,,,,,,,500.0,500.0,500.0,500.0,-179.0,500.0,500.0,1331.8,observed_or_geopot,-21.0,-21.0,-21.0,,,,,,,,,gdas.adpupa.t12z.19990120.bufr,
31004,Aldan,1999-01-20T12:00:00Z,1999,1,12,31004_19990120_1200_12,0,58.37,125.22,OK,,2,,,,,850.0,850.0,,,,,,,1000.0,1000.0,1000.0,1000.0,321.0,1000.0,1000.0,2029.0,observed_or_geopot,-19.0,-19.0,-19.0,,,,,,,,,gdas.adpupa.t12z.19990120.bufr,
31004,Aldan,1999-01-20T12:00:00Z,1999,1,12,31004_19990120_1200_12,0,58.37,125.22,OK,,3,,,,,700.0,700.0,,,,,,,1500.0,1500.0,1500.0,1500.0,821.0,1500.0,1500.0,3588.1,observed_or_geopot,-21.0,-21.0,-21.0,,,,,,,,,gdas.adpupa.t12z.19990120.bufr,
31004,Aldan,1999-01-20T12:00:00Z,1999,1,12,31004_19990120_1200_12,0,58.37,125.22,OK,,4,,,,,600.0,600.0,,,,,,,2000.0,2000.0,2000.0,2000.0,1321.0,2000.0,2000.0,4785.5,observed_or_geopot,-24.0,-24.0,-24.0,,,,,,,,,gdas.adpupa.t12z.19990120.bufr,
31004,Aldan,1999-01-20T12:00:00Z,1999,1,12,31004_19990120_1200_12,0,58.37,125.22,OK,,5,,,,,500.0,500.0,,,,,,,2500.0,2500.0,2500.0,2500.0,1821.0,2500.0,2500.0,6157.1,observed_or_geopot,-28.0,-28.0,-28.0,,,,,,,,,gdas.adpupa.t12z.19990120.bufr,
31004,Aldan,1999-01-21T00:00:00Z,1999,1,00,31004_19990121_0000_00,0,58.37,125.22,OK,,0,,,,,1000.0,1000.0,,,,,,,0.0,0.0,0.0,0.0,-679.0,0.0,0.0,679.0,observed_or_geopot,-21.7,-21.7,-21.7,,,,,,,,,gdas.adpupa.t00z.19990121.bufr,
31004,Aldan,1999-01-21T00:00:00Z,1999,1,00,31004_19990121_0000_00,0,58.37,125.22,OK,,1,,,,,925.0,925.0,,,,,,,500.0,500.0,500.0,500.0,-179.0,500.0,500.0,1331.8,observed_or_geopot,-20.7,-20.7,-20.7,,,,,,,,,gdas.adpupa.t00z.19990121.bufr,
31004,Aldan,1999-01-21T00:00:00Z,1999,1,00,31004_19990121_0000_00,0,58.37,125.22,OK,,2,,,,,850.0,850.0,,,,,,,1000.0,1000.0,1000.0,1000.0,321.0,1000.0,1000.0,2029.0,observed_or_geopot,-18.7,-18.7,-18.7,,,,,,,,,gdas.adpupa.t00z.19990121.bufr,
31004,Aldan,1999-01-21T00:00:00Z,1999,1,00,31004_19990121_0000_00,0,58.37,125.22,OK,,3,,,,,700.0,700.0,,,,,,,1500.0,1500.0,1500.0,1500.0,821.0,1500.0,1500.0,3588.1,observed_or_geopot,-20.7,-20.7,-20.7,,,,,,,,,gdas.adpupa.t00z.19990121.bufr,
31004,Aldan,1999-01-21T00:00:00Z,1999,1,00,31004_19990121_0000_00,0,58.37,125.22,OK,,4,,,,,600.0,600.0,,,,,,,2000.0,2000.0,2000.0,2000.0,1321.0,2000.0,2000.0,4785.5,observed_or_geopot,-23.7,-23.7,-23.7,,,,,,,,,gdas.adpupa.t00z.19990121.bufr,
31004,Aldan,1999-01-21T00:00:00Z,1999,1,00,31004_19990121_0000_00,0,58.37,125.22,OK,,5,,,,,500.0,500.0,,,,,,,2500.0,2500.0,2500.0,2500.0,1821.0,2500.0,2500.0,6157.1,observed_or_geopot,-27.7,-27.7,-27.7,,,,,,,,,gdas.adpupa.t00z.19990121.bufr,
31004,Aldan,1999-01-21T12:00:00Z,1999,1,12,31004_19990121_1200_12,0,58.37,125.22,OK,,0,,,,,1000.0,1000.0,,,,,,,0.0,0.0,0.0,0.0,-679.0,0.0,0.0,679.0,observed_or_geopot,-21.7,-21.7,-21.7,,,,,,,,,gdas.adpupa.t12z.19990121.bufr,
31004,Aldan,1999-01-21T12:00:00Z,1999,1,12,31004_19990121_1200_12,0,58.37,125.22,OK,,1,,,,,925.0,925.0,,,,,,,500.0,500.0,500.0,500.0,-179.0,500.0,500.0,1331.8,observed_or_geopot,-20.7,-20.7,-20.7,,,,,,,,,gdas.adpupa.t12z.19990121.bufr,
31004,Aldan,1999-01-21T12:00:00Z,1999,1,12,31004_19990121_1200_12,0,58.37,125.22,OK,,2,,,,,850.0,850.0,,,,,,,1000.0,1000.0,1000.0,1000.0,321.0,1000.0,1000.0,2029.0,observed_or_geopot,-18.7,-18.7,-18.7,,,,,,,,,gdas.adpupa.t12z.19990121.bufr,
31004,Aldan,1999-01-21T12:00:00Z,1999,1,12,31004_19990121_1200_12,0,58.37,125.22,OK,,3,,,,,700.0,700.0,,,,,,,1500.0,1500.0,1500.0,1500.0,821.0,1500.0,1500.0,3588.1,observed_or_geopot,-20.7,-20.7,-20.7,,,,,,,,,gdas.adpupa.t12z.19990121.bufr,
31004,Aldan,1999-01-21T12:00:00Z,1999,1,12,31004_19990121_1200_12,0,58.37,125.22,OK,,4,,,,,600.0,600.0,,,,,,,2000.0,2000.0,2000.0,2000.0,1321.0,2000.0,2000.0,4785.5,observed_or_geopot,-23.7,-23.7,-23.7,,,,,,,,,gdas.adpupa.t12z.19990121.bufr,
31004,Aldan,1999-01-21T12:00:00Z,1999,1,12,31004_19990121_1200_12,0,58.37,125.22,OK,,5,,,,,500.0,500.0,,,,,,,2500.0,2500.0,2500.0,2500.0,1821.0,2500.0,2500.0,6157.1,observed_or_geopot,-27.7,-27.7,-27.7,,,,,,,,,gdas.adpupa.t12z.19990121.bufr,
31004,Aldan,1999-01-22T00:00:00Z,1999,1,00,31004_19990122_0000_00,0,58.37,125.22,OK,,0,,,,,1000.0,1000.0,,,,,,,0.0,0.0,0.0,0.0,-679.0,0.0,0.0,679.0,observed_or_geopot,-21.4,-21.4,-21.4,,,,,,,,,gdas.adpupa.t00z.19990122.bufr,
31004,Aldan,1999-01-22T00:00:00Z,1999,1,00,31004_19990122_0000_00,0,58.37,125.22,OK,,1,,,,,925.0,925.0,,,,,,,500.0,500.0,500.0,500.0,-179.0,500.0,500.0,1331.8,observed_or_geopot,-20.4,-20.4,-20.4,,,,,,,,,gdas.adpupa.t00z.19990122.bufr,
31004,Aldan,1999-01-22T00:00:00Z,1999,1,00,31004_19990122_0000_00,0,58.37,125.22,OK,,2,,,,,850.0,850.0,,,,,,,1000.0,1000.0,1000.0,1000.0,321.0,1000.0,1000.0,2029.0,observed_or_geopot,-18.4,-18.4,-18.4,,,,,,,,,gdas.adpupa.t00z.19990122.bufr,
31004,Aldan,1999-01-22T00:00:00Z,1999,1,00,31004_19990122_0000_00,0,58.37,125.22,OK,,3,,,,,700.0,700.0,,,,,,,1500.0,1500.0,1500.0,1500.0,821.0,1500.0,1500.0,3588.1,observed_or_geopot,-20.4,-20.4,-20.4,,,,,,,,,gdas.adpupa.t00z.19990122.bufr,
31004,Aldan,1999-01-22T00:00:00Z,1999,1,00,31004_19990122_0000_00,0,58.37,125.22,OK,,4,,,,,600.0,600.0,,,,,,,2000.0,2000.0,2000.0,2000.0,1321.0,2000.0,2000.0,4785.5,observed_or_geopot,-23.4,-23.4,-23.4,,,,,,,,,gdas.adpupa.t00z.19990122.bufr,
31004,Aldan,1999-01-22T00:00:00Z,1999,1,00,31004_19990122_0000_00,0,58.37,125.22,OK,,5,,,,,500.0,500.0,,,,,,,2500.0,2500.0,2500.0,2500.0,1821.0,2500.0,2500.0,6157.1,observed_or_geopot,-27.4,-27.4,-27.4,,,,,,,,,gdas.adpupa.t00z.19990122.bufr,
31004,Aldan,1999-01-22T12:00:00Z,1999,1,12,31004_19990122_1200_12,0,58.37,125.22,OK,,0,,,,,1000.0,1000.0,,,,,,,0.0,0.0,0.0,0.0,-679.0,0.0,0.0,679.0,observed_or_geopot,-21.4,-21.4,-21.4,,,,,,,,,gdas.adpupa.t12z.19990122.bufr,
31004,Aldan,1999-01-22T12:00:00Z,1999,1,12,31004_19990122_1200_12,0,58.37,125.22,OK,,1,,,,,925.0,925.0,,,,,,,500.0,500.0,500.0,500.0,-179.0,500.0,500.0,1331.8,observed_or_geopot,-20.4,-20.4,-20.4,,,,,,,,,gdas.adpupa.t12z.19990122.bufr,
31004,Aldan,1999-01-22T12:00:00Z,1999,1,12,31004_19990122_1200_12,0,58.37,125.22,OK,,2,,,,,850.0,850.0,,,,,,,1000.0,1000.0,1000.0,1000.0,321.0,1000.0,1000.0,2029.0,observed_or_geopot,-18.4,-18.4,-18.4,,,,,,,,,gdas.adpupa.t12z.19990122.bufr,
31004,Aldan,1999-01-22T12:00:00Z,1999,1,12,31004_19990122_1200_12,0,58.37,125.22,OK,,3,,,,,700.0,700.0,,,,,,,1500.0,1500.0,1500.0,1500.0,821.0,1500.0,1500.0,3588.1,observed_or_geopot,-20.4,-20.4,-20.4,,,,,,,,,gdas.adpupa.t12z.19990122.bufr,
31004,Aldan,1999-01-22T12:00:00Z,1999,1,12,31004_19990122_1200_12,0,58.37,125.22,OK,,4,,,,,600.0,600.0,,,,,,,2000.0,2000.0,2000.0,2000.0,1321.0,2000.0,2000.0,4785.5,observed_or_geopot,-23.4,-23.4,-23.4,,,,,,,,,gdas.adpupa.t12z.19990122.bufr,
31004,Aldan,1999-01-22T12:00:00Z,1999,1,12,31004_19990122_1200_12,0,58.37,125.22,OK,,5,,,,,500.0,500.0,,,,,,,2500.0,2500.0,2500.0,2500.0,1821.0,2500.0,2500.0,6157.1,observed_or_geopot,-27.4,-27.4,-27.4,,,,,,,,,gdas.adpupa.t12z.19990122.bufr,
31004,Aldan,1999-01-23T00:00:00Z,1999,1,00,31004_19990123_0000_00,0,58.37,125.22,OK,,0,,,,,1000.0,1000.0,,,,,,,0.0,0.0,0.0,0.0,-679.0,0.0,0.0,679.0,observed_or_geopot,-21.1,-21.1,-21.1,,,,,,,,,gdas.adpupa.t00z.19990123.bufr,
31004,Aldan,1999-01-23T00:00:00Z,1999,1,00,31004_19990123_0000_00,0,58.37,125.22,OK,,1,,,,,925.0,925.0,,,,,,,500.0,500.0,500.0,500.0,-179.0,500.0,500.0,1331.8,observed_or_geopot,-20.1,-20.1,-20.1,,,,,,,,,gdas.adpupa.t00z.19990123.bufr,
31004,Aldan,1999-01-23T00:00:00Z,1999,1,00,31004_19990123_0000_00,0,58.37,125.22,OK,,2,,,,,850.0,850.0,,,,,,,1000.0,1000.0,1000.0,1000.0,321.0,1000.0,1000.0,2029.0,observed_or_geopot,-18.1,-18.1,-18.1,,,,,,,,,gdas.adpupa.t00z.19990123.bufr,
31004,Aldan,1999-01-23T00:00:00Z,1999,1,00,31004_19990123_0000_00,0,58.37,125.22,OK,,3,,,,,700.0,700.0,,,,,,,1500.0,1500.0,1500.0,1500.0,821.0,1500.0,1500.0,3588.1,observed_or_geopot,-20.1,-20.1,-20.1,,,,,,,,,gdas.adpupa.t00z.19990123.bufr,
31004,Aldan,1999-01-23T00:00:00Z,1999,1,00,31004_19990123_0000_00,0,58.37,125.22,OK,,4,,,,,600.0,600.0,,,,,,,2000.0,2000.0,2000.0,2000.0,1321.0,2000.0,2000.0,4785.5,observed_or_geopot,-23.1,-23.1,-23.1,,,,,,,,,gdas.adpupa.t00z.19990123.bufr,
31004,Aldan,1999-01-23T00:00:00Z,1999,1,00,31004_19990123_0000_00,0,58.37,125.22,OK,,5,,,,,500.0,500.0,,,,,,,2500.0,2500.0,2500.0,2500.0,1821.0,2500.0,2500.0,6157.1,observed_or_geopot,-27.1,-27.1,-27.1,,,,,,,,,gdas.adpupa.t00z.19990123.bufr,
31004,Aldan,1999-01-23T12:00:00Z,1999,1,12,31004_19990123_1200_12,0,58.37,125.22,OK,,0,,,,,1000.0,1000.0,,,,,,,0.0,0.0,0.0,0.0,-679.0,0.0,0.0,679.0,observed_or_geopot,-21.1,-21.1,-21.1,,,,,,,,,gdas.adpupa.t12z.19990123.bufr,
31004,Aldan,1999-01-23T12:00:00Z,1999,1,12,31004_19990123_1200_12,0,58.37,125.22,OK,,1,,,,,925.0,925.0,,,,,,,500.0,500.0,500.0,500.0,-179.0,500.0,500.0,1331.8,observed_or_geopot,-20.1,-20.1,-20.1,,,,,,,,,gdas.adpupa.t12z.19990123.bufr,
31004,Aldan,1999-01-23T12:00:00Z,1999,1,12,31004_19990123_1200_12,0,58.37,125.22,OK,,2,,,,,850.0,850.0,,,,,,,1000.0,1000.0,1000.0,1000.0,321.0,1000.0,1000.0,2029.0,observed_or_geopot,-18.1,-18.1,-18.1,,,,,,,,,gdas.adpupa.t12z.19990123.bufr,
31004,Aldan,1999-01-23T12:00:00Z,1999,1,12,31004_19990123_1200_12,0,58.37,125.22,OK,,3,,,,,700.0,700.0,,,,,,,1500.0,1500.0,1500.0,1500.0,821.0,1500.0,1500.0,3588.1,observed_or_geopot,-20.1,-20.1,-20.1,,,,,,,,,gdas.adpupa.t12z.19990123.bufr,
31004,Aldan,1999-01-23T12:00:00Z,1999,1,12,31004_19990123_1200_12,0,58.37,125.22,OK,,4,,,,,600.0,600.0,,,,,,,2000.0,2000.0,2000.0,2000.0,1321.0,2000.0,2000.0,4785.5,observed_or_geopot,-23.1,-23.1,-23.1,,,,,,,,,gdas.adpupa.t12z.19990123.bufr,
31004,Aldan,1999-01-23T12:00:00Z,1999,1,12,31004_19990123_1200_12,0,58.37,125.22,OK,,5,,,,,500.0,500.0,,,,,,,2500.0,2500.0,2500.0,2500.0,1821.0,2500.0,2500.0,6157.1,observed_or_geopot,-27.1,-27.1,-27.1,,,,,,,,,gdas.adpupa.t12z.19990123.bufr,
31004,Aldan,1999-01-24T00:00:00Z,1999,1,00,31004_19990124_0000_00,0,58.37,125.22,OK,,0,,,,,1000.0,1000.0,,,,,,,0.0,0.0,0.0,0.0,-679.0,0.0,0.0,679.0,observed_or_geopot,-20.8,-20.8,-20.8,,,,,,,,,gdas.adpupa.t00z.19990124.bufr,
31004,Aldan,1999-01-24T00:00:00Z,1999,1,00,31004_19990124_0000_00,0,58.37,125.22,OK,,1,,,,,925.0,925.0,,,,,,,500.0,500.0,500.0,500.0,-179.0,500.0,500.0,1331.8,observed_or_geopot,-19.8,-19.8,-19.8,,,,,,,,,gdas.adpupa.t00z.19990124.bufr,
31004,Aldan,1999-01-24T00:00:00Z,1999,1,00,31004_19990124_0000_00,0,58.37,125.22,OK,,2,,,,,850.0,850.0,,,,,,,1000.0,1000.0,1000.0,1000.0,321.0,1000.0,1000.0,2029.0,observed_or_geopot,-17.8,-17.8,-17.8,,,,,,,,,gdas.adpupa.t00z.19990124.bufr,
31004,Aldan,1999-01-24T00:00:00Z,1999,1,00,31004_19990124_0000_00,0,58.37,125.22,OK,,3,,,,,700.0,700.0,,,,,,,1500.0,1500.0,1500.0,1500.0,821.0,1500.0,1500.0,3588.1,observed_or_geopot,-19.8,-19.8,-19.8,,,,,,,,,gdas.adpupa.t00z.19990124.bufr,
31004,Aldan,1999-01-24T00:00:00Z,1999,1,00,31004_19990124_0000_00,0,58.37,125.22,OK,,4,,,,,600.0,600.0,,,,,,,2000.0,2000.0,2000.0,2000.0,1321.0,2000.0,2000.0,4785.5,observed_or_geopot,-22.8,-22.8,-22.8,,,,,,,,,gdas.adpupa.t00z.19990124.bufr,
31004,Aldan,1999-01-24T00:00:00Z,1999,1,00,31004_19990124_0000_00,0,58.37,125.22,OK,,5,,,,,500.0,500.0,,,,,,,2500.0,2500.0,2500.0,2500.0,1821.0,2500.0,2500.0,6157.1,observed_or_geopot,-26.8,-26.8,-26.8,,,,,,,,,gdas.adpupa.t00z.19990124.bufr,
31004,Aldan,1999-01-24T12:00:00Z,1999,1,12,31004_19990124_1200_12,0,58.37,125.22,OK,,0,,,,,1000.0,1000.0,,,,,,,0.0,0.0,0.0,0.0,-679.0,0.0,0.0,679.0,observed_or_geopot,-20.8,-20.8,-20.8,,,,,,,,,gdas.adpupa.t12z.19990124.bufr,
31004,Aldan,1999-01-24T12:00:00Z,1999,1,12,31004_19990124_1200_12,0,58.37,125.22,OK,,1,,,,,925.0,925.0,,,,,,,500.0,500.0,500.0,500.0,-179.0,500.0,500.0,1331.8,observed_or_geopot,-19.8,-19.8,-19.8,,,,,,,,,gdas.adpupa.t12z.19990124.bufr,
31004,Aldan,1999-01-24T12:00:00Z,1999,1,12,31004_19990124_1200_12,0,58.37,125.22,OK,,2,,,,,850.0,850.0,,,,,,,1000.0,1000.0,1000.0,1000.0,321.0,1000.0,1000.0,2029.0,observed_or_geopot,-17.8,-17.8,-17.8,,,,,,,,,gdas.adpupa.t12z.19990124.bufr,
31004,Aldan,1999-01-24T12:00:00Z,1999,1,12,31004_19990124_1200_12,0,58.37,125.22,OK,,3,,,,,700.0,700.0,,,,,,,1500.0,1500.0,1500.0,1500.0,821.0,1500.0,1500.0,3588.1,observed_or_geopot,-19.8,-19.8,-19.8,,,,,,,,,gdas.adpupa.t12z.19990124.bufr,
31004,Aldan,1999-01-24T12:00:00Z,1999,1,12,31004_19990124_1200_12,0,58.37,125.22,OK,,4,,,,,600.0,600.0,,,,,,,2000.0,2000.0,2000.0,2000.0,1321.0,2000.0,2000.0,4785.5,observed_or_geopot,-22.8,-22.8,-22.8,,,,,,,,,gdas.adpupa.t12z.19990124.bufr,
31004,Aldan,1999-01-24T12:00:00Z,1999,1,12,31004_19990124_1200_12,0,58.37,125.22,OK,,5,,,,,500.0,500.0,,,,,,,2500.0,2500.0,2500.0,2500.0,1821.0,2500.0,2500.0,6157.1,observed_or_geopot,-26.8,-26.8,-26.8,,,,,,,,,gdas.adpupa.t12z.19990124.bufr,
31004,Aldan,1999-01-25T00:00:00Z,1999,1,00,31004_19990125_0000_00,0,58.37,125.22,OK,,0,,,,,1000.0,1000.0,,,,,,,0.0,0.0,0.0,0.0,-679.0,0.0,0.0,679.0,observed_or_geopot,-20.5,-20.5,-20.5,,,,,,,,,gdas.adpupa.t00z.19990125.bufr,
31004,Aldan,1999-01-25T00:00:00Z,1999,1,00,31004_19990125_0000_00,0,58.37,125.22,OK,,1,,,,,925.0,925.0,,,,,,,500.0,500.0,500.0,500.0,-179.0,500.0,500.0,1331.8,observed_or_geopot,-19.5,-19.5,-19.5,,,,,,,,,gdas.adpupa.t00z.19990125.bufr,
31004,Aldan,1999-01-25T00:00:00Z,1999,1,00,31004_19990125_0000_00,0,58.37,125.22,OK,,2,,,,,850.0,850.0,,,,,,,1000.0,1000.0,1000.0,1000.0,321.0,1000.0,1000.0,2029.0,observed_or_geopot,-17.5,-17.5,-17.5,,,,,,,,,gdas.adpupa.t00z.19990125.bufr,
31004,Aldan,1999-01-25T00:00:00Z,1999,1,00,31004_19990125_0000_00,0,58.37,125.22,OK,,3,,,,,700.0,700.0,,,,,,,1500.0,1500.0,1500.0,1500.0,821.0,1500.0,1500.0,3588.1,observed_or_geopot,-19.5,-19.5,-19.5,,,,,,,,,gdas.adpupa.t00z.19990125.bufr,
31004,Aldan,1999-01-25T00:00:00Z,1999,1,00,31004_19990125_0000_00,0,58.37,125.22,OK,,4,,,,,600.0,600.0,,,,,,,2000.0,2000.0,2000.0,2000.0,1321.0,2000.0,2000.0,4785.5,observed_or_geopot,-22.5,-22.5,-22.5,,,,,,,,,gdas.adpupa.t00z.19990125.bufr,
31004,Aldan,1999-01-25T00:00:00Z,1999,1,00,31004_19990125_0000_00,0,58.37,125.22,OK,,5,,,,,500.0,500.0,,,,,,,2500.0,2500.0,2500.0,2500.0,1821.0,2500.0,2500.0,6157.1,observed_or_geopot,-26.5,-26.5,-26.5,,,,,,,,,gdas.adpupa.t00z.19990125.bufr,
31004,Aldan,1999-01-25T12:00:00Z,1999,1,12,31004_19990125_1200_12,0,58.37,125.22,OK,,0,,,,,1000.0,1000.0,,,,,,,0.0,0.0,0.0,0.0,-679.0,0.0,0.0,679.0,observed_or_geopot,-20.5,-20.5,-20.5,,,,,,,,,gdas.adpupa.t12z.19990125.bufr,
31004,Aldan,1999-01-25T12:00:00Z,1999,1,12,31004_19990125_1200_12,0,58.37,125.22,OK,,1,,,,,925.0,925.0,,,,,,,500.0,500.0,500.0,500.0,-179.0,500.0,500.0,1331.8,observed_or_geopot,-19.5,-19.5,-19.5,,,,,,,,,gdas.adpupa.t12z.19990125.bufr,
31004,Aldan,1999-01-25T12:00:00Z,1999,1,12,31004_19990125_1200_12,0,58.37,125.22,OK,,2,,,,,850.0,850.0,,,,,,,1000.0,1000.0,1000.0,1000.0,321.0,1000.0,1000.0,2029.0,observed_or_geopot,-17.5,-17.5,-17.5,,,,,,,,,gdas.adpupa.t12z.19990125.bufr,
31004,Aldan,1999-01-25T12:00:00Z,1999,1,12,31004_19990125_1200_12,0,58.37,125.22,OK,,3,,,,,700.0,700.0,,,,,,,1500.0,1500.0,1500.0,1500.0,821.0,1500.0,1500.0,3588.1,observed_or_geopot,-19.5,-19.5,-19.5,,,,,,,,,gdas.adpupa.t12z.19990125.bufr,
31004,Aldan,1999-01-25T12:00:00Z,1999,1,12,31004_19990125_1200_12,0,58.37,125.22,OK,,4,,,,,600.0,600.0,,,,,,,2000.0,2000.0,2000.0,2000.0,1321.0,2000.0,2000.0,4785.5,observed_or_geopot,-22.5,-22.5,-22.5,,,,,,,,,gdas.adpupa.t12z.19990125.bufr,
31004,Aldan,1999-01-25T12:00:00Z,1999,1,12,31004_19990125_1200_12,0,58.37,125.22,OK,,5,,,,,500.0,500.0,,,,,,,2500.0,2500.0,2500.0,2500.0,1821.0,2500.0,2500.0,6157.1,observed_or_geopot,-26.5,-26.5,-26.5,,,,,,,,,gdas.adpupa.t12z.19990125.bufr,
31004,Aldan,1999-01-26T00:00:00Z,1999,1,00,31004_19990126_0000_00,0,58.37,125.22,OK,,0,,,,,1000.0,1000.0,,,,,,,0.0,0.0,0.0,0.0,-679.0,0.0,0.0,679.0,observed_or_geopot,-20.2,-20.2,-20.2,,,,,,,,,gdas.adpupa.t00z.19990126.bufr,
31004,Aldan,1999-01-26T00:00:00Z,1999,1,00,31004_19990126_0000_00,0,58.37,125.22,OK,,1,,,,,925.0,925.0,,,,,,,500.0,500.0,500.0,500.0,-179.0,500.0,500.0,1331.8,observed_or_geopot,-19.2,-19.2,-19.2,,,,,,,,,gdas.adpupa.t00z.19990126.bufr,
31004,Aldan,1999-01-26T00:00:00Z,1999,1,00,31004_19990126_0000_00,0,58.37,125.22,OK,,2,,,,,850.0,850.0,,,,,,,1000.0,1000.0,1000.0,1000.0,321.0,1000.0,1000.0,2029.0,observed_or_geopot,-17.2,-17.2,-17.2,,,,,,,,,gdas.adpupa.t00z.19990126.bufr,
31004,Aldan,1999-01-26T00:00:00Z,1999,1,00,31004_19990126_0000_00,0,58.37,125.22,OK,,3,,,,,700.0,700.0,,,,,,,1500.0,1500.0,1500.0,1500.0,821.0,1500.0,1500.0,3588.1,observed_or_geopot,-19.2,-19.2,-19.2,,,,,,,,,gdas.adpupa.t00z.19990126.bufr,
31004,Aldan,1999-01-26T00:00:00Z,1999,1,00,31004_19990126_0000_00,0,58.37,125.22,OK,,4,,,,,600.0,600.0,,,,,,,2000.0,2000.0,2000.0,2000.0,1321.0,2000.0,2000.0,4785.5,observed_or_geopot,-22.2,-22.2,-22.2,,,,,,,,,gdas.adpupa.t00z.19990126.bufr,
31004,Aldan,1999-01-26T00:00:00Z,1999,1,00,31004_19990126_0000_00,0,58.37,125.22,OK,,5,,,,,500.0,500.0,,,,,,,2500.0,2500.0,2500.0,2500.0,1821.0,2500.0,2500.0,6157.1,observed_or_geopot,-26.2,-26.2,-26.2,,,,,,,,,gdas.adpupa.t00z.19990126.bufr,
31004,Aldan,1999-01-26T12:00:00Z,1999,1,12,31004_19990126_1200_12,0,58.37,125.22,OK,,0,,,,,1000.0,1000.0,,,,,,,0.0,0.0,0.0,0.0,-679.0,0.0,0.0,679.0,observed_or_geopot,-20.2,-20.2,-20.2,,,,,,,,,gdas.adpupa.t12z.19990126.bufr,
31004,Aldan,1999-01-26T12:00:00Z,1999,1,12,31004_19990126_1200_12,0,58.37,125.22,OK,,1,,,,,925.0,925.0,,,,,,,500.0,500.0,500.0,500.0,-179.0,500.0,500.0,1331.8,observed_or_geopot,-19.2,-19.2,-19.2,,,,,,,,,gdas.adpupa.t12z.19990126.bufr,
31004,Aldan,1999-01-26T12:00:00Z,1999,1,12,31004_19990126_1200_12,0,58.37,125.22,OK,,2,,,,,850.0,850.0,,,,,,,1000.0,1000.0,1000.0,1000.0,321.0,1000.0,1000.0,2029.0,observed_or_geopot,-17.2,-17.2,-17.2,,,,,,,,,gdas.adpupa.t12z.19990126.bufr,
31004,Aldan,1999-01-26T12:00:00Z,1999,1,12,31004_19990126_1200_12,0,58.37,125.22,OK,,3,,,,,700.0,700.0,,,,,,,1500.0,1500.0,1500.0,1500.0,821.0,1500.0,1500.0,3588.1,observed_or_geopot,-19.2,-19.2,-19.2,,,,,,,,,gdas.adpupa.t12z.19990126.bufr,
31004,Aldan,1999-01-26T12:00:00Z,1999,1,12,31004_19990126_1200_12,0,58.37,125.22,OK,,4,,,,,600.0,600.0,,,,,,,2000.0,2000.0,2000.0,2000.0,1321.0,2000.0,2000.0,4785.5,observed_or_geopot,-22.2,-22.2,-22.2,,,,,,,,,gdas.adpupa.t12z.19990126.bufr,
31004,Aldan,1999-01-26T12:00:00Z,1999,1,12,31004_19990126_1200_12,0,58.37,125.22,OK,,5,,,,,500.0,500.0,,,,,,,2500.0,2500.0,2500.0,2500.0,1821.0,2500.0,2500.0,6157.1,observed_or_geopot,-26.2,-26.2,-26.2,,,,,,,,,gdas.adpupa.t12z.19990126.bufr,
31004,Aldan,1999-01-27T00:00:00Z,1999,1,00,31004_19990127_0000_00,0,58.37,125.22,OK,,0,,,,,1000.0,1000.0,,,,,,,0.0,0.0,0.0,0.0,-679.0,0.0,0.0,679.0,observed_or_geopot,-19.9,-19.9,-19.9,,,,,,,,,gdas.adpupa.t00z.19990127.bufr,
31004,Aldan,1999-01-27T00:00:00Z,1999,1,00,31004_19990127_0000_00,0,58.37,125.22,OK,,1,,,,,925.0,925.0,,,,,,,500.0,500.0,500.0,500.0,-179.0,500.0,500.0,1331.8,observed_or_geopot,-18.9,-18.9,-18.9,,,,,,,,,gdas.adpupa.t00z.19990127.bufr,
31004,Aldan,1999-01-27T00:00:00Z,1999,1,00,31004_19990127_0000_00,0,58.37,125.22,OK,,2,,,,,850.0,850.0,,,,,,,1000.0,1000.0,1000.0,1000.0,321.0,1000.0,1000.0,2029.0,observed_or_geopot,-16.9,-16.9,-16.9,,,,,,,,,gdas.adpupa.t00z.19990127.bufr,
31004,Aldan,1999-01-27T00:00:00Z,1999,1,00,31004_19990127_0000_00,0,58.37,125.22,OK,,3,,,,,700.0,700.0,,,,,,,1500.0,1500.0,1500.0,1500.0,821.0,1500.0,1500.0,3588.1,observed_or_geopot,-18.9,-18.9,-18.9,,,,,,,,,gdas.adpupa.t00z.19990127.bufr,
31004,Aldan,1999-01-27T00:00:00Z,1999,1,00,31004_19990127_0000_00,0,58.37,125.22,OK,,4,,,,,600.0,600.0,,,,,,,2000.0,2000.0,2000.0,2000.0,1321.0,2000.0,2000.0,4785.5,observed_or_geopot,-21.9,-21.9,-21.9,,,,,,,,,gdas.adpupa.t00z.19990127.bufr,
31004,Aldan,1999-01-27T00:00:00Z,1999,1,00,31004_19990127_0000_00,0,58.37,125.22,OK,,5,,,,,500.0,500.0,,,,,,,2500.0,2500.0,2500.0,2500.0,1821.0,2500.0,2500.0,6157.1,observed_or_geopot,-25.9,-25.9,-25.9,,,,,,,,,gdas.adpupa.t00z.19990127.bufr,
31004,Aldan,1999-01-27T12:00:00Z,1999,1,12,31004_19990127_1200_12,0,58.37,125.22,OK,,0,,,,,1000.0,1000.0,,,,,,,0.0,0.0,0.0,0.0,-679.0,0.0,0.0,679.0,observed_or_geopot,-19.9,-19.9,-19.9,,,,,,,,,gdas.adpupa.t12z.19990127.bufr,
31004,Aldan,1999-01-27T12:00:00Z,1999,1,12,31004_19990127_1200_12,0,58.37,125.22,OK,,1,,,,,925.0,925.0,,,,,,,500.0,500.0,500.0,500.0,-179.0,500.0,500.0,1331.8,observed_or_geopot,-18.9,-18.9,-18.9,,,,,,,,,gdas.adpupa.t12z.19990127.bufr,
31004,Aldan,1999-01-27T12:00:00Z,1999,1,12,31004_19990127_1200_12,0,58.37,125.22,OK,,2,,,,,850.0,850.0,,,,,,,1000.0,1000.0,1000.0,1000.0,321.0,1000.0,1000.0,2029.0,observed_or_geopot,-16.9,-16.9,-16.9,,,,,,,,,gdas.adpupa.t12z.19990127.bufr,
31004,Aldan,1999-01-27T12:00:00Z,1999,1,12,31004_19990127_1200_12,0,58.37,125.22,OK,,3,,,,,700.0,700.0,,,,,,,1500.0,1500.0,1500.0,1500.0,821.0,1500.0,1500.0,3588.1,observed_or_geopot,-18.9,-18.9,-18.9,,,,,,,,,gdas.adpupa.t12z.19990127.bufr,
31004,Aldan,1999-01-27T12:00:00Z,1999,1,12,31004_19990127_1200_12,0,58.37,125.22,OK,,4,,,,,600.0,600.0,,,,,,,2000.0,2000.0,2000.0,2000.0,1321.0,2000.0,2000.0,4785.5,observed_or_geopot,-21.9,-21.9,-21.9,,,,,,,,,gdas.adpupa.t12z.19990127.bufr,
31004,Aldan,1999-01-27T12:00:00Z,1999,1,12,31004_19990127_1200_12,0,58.37,125.22,OK,,5,,,,,500.0,500.0,,,,,,,2500.0,2500.0,2500.0,2500.0,1821.0,2500.0,2500.0,6157.1,observed_or_geopot,-25.9,-25.9,-25.9,,,,,,,,,gdas.adpupa.t12z.19990127.bufr,
31004,Aldan,1999-01-28T00:00:00Z,1999,1,00,31004_19990128_0000_00,0,58.37,125.22,OK,,0,,,,,1000.0,1000.0,,,,,,,0.0,0.0,0.0,0.0,-679.0,0.0,0.0,679.0,observed_or_geopot,-19.6,-19.6,-19.6,,,,,,,,,gdas.adpupa.t00z.19990128.bufr,
31004,Aldan,1999-01-28T00:00:00Z,1999,1,00,31004_19990128_0000_00,0,58.37,125.22,OK,,1,,,,,925.0,925.0,,,,,,,500.0,500.0,500.0,500.0,-179.0,500.0,500.0,1331.8,observed_or_geopot,-18.6,-18.6,-18.6,,,,,,,,,gdas.adpupa.t00z.19990128.bufr,
31004,Aldan,1999-01-28T00:00:00Z,1999,1,00,31004_19990128_0000_00,0,58.37,125.22,OK,,2,,,,,850.0,850.0,,,,,,,1000.0,1000.0,1000.0,1000.0,321.0,1000.0,1000.0,2029.0,observed_or_geopot,-16.6,-16.6,-16.6,,,,,,,,,gdas.adpupa.t00z.19990128.bufr,
31004,Aldan,1999-01-28T00:00:00Z,1999,1,00,31004_19990128_0000_00,0,58.37,125.22,OK,,3,,,,,700.0,700.0,,,,,,,1500.0,1500.0,1500.0,1500.0,821.0,1500.0,1500.0,3588.1,observed_or_geopot,-18.6,-18.6,-18.6,,,,,,,,,gdas.adpupa.t00z.19990128.bufr,
31004,Aldan,1999-01-28T00:00:00Z,1999,1,00,31004_19990128_0000_00,0,58.37,125.22,OK,,4,,,,,600.0,600.0,,,,,,,2000.0,2000.0,2000.0,2000.0,1321.0,2000.0,2000.0,4785.5,observed_or_geopot,-21.6,-21.6,-21.6,,,,,,,,,gdas.adpupa.t00z.19990128.bufr,
31004,Aldan,1999-01-28T00:00:00Z,1999,1,00,31004_19990128_0000_00,0,58.37,125.22,OK,,5,,,,,500.0,500.0,,,,,,,2500.0,2500.0,2500.0,2500.0,1821.0,2500.0,2500.0,6157.1,observed_or_geopot,-25.6,-25.6,-25.6,,,,,,,,,gdas.adpupa.t00z.19990128.bufr,
31004,Aldan,1999-01-28T12:00:00Z,1999,1,12,31004_19990128_1200_12,0,58.37,125.22,OK,,0,,,,,1000.0,1000.0,,,,,,,0.0,0.0,0.0,0.0,-679.0,0.0,0.0,679.0,observed_or_geopot,-19.6,-19.6,-19.6,,,,,,,,,gdas.adpupa.t12z.19990128.bufr,
31004,Aldan,1999-01-28T12:00:00Z,1999,1,12,31004_19990128_1200_12,0,58.37,125.22,OK,,1,,,,,925.0,925.0,,,,,,,500.0,500.0,500.0,500.0,-179.0,500.0,500.0,1331.8,observed_or_geopot,-18.6,-18.6,-18.6,,,,,,,,,gdas.adpupa.t12z.19990128.bufr,
31004,Aldan,1999-01-28T12:00:00Z,1999,1,12,31004_19990128_1200_12,0,58.37,125.22,OK,,2,,,,,850.0,850.0,,,,,,,1000.0,1000.0,1000.0,1000.0,321.0,1000.0,1000.0,2029.0,observed_or_geopot,-16.6,-16.6,-16.6,,,,,,,,,gdas.adpupa.t12z.19990128.bufr,
31004,Aldan,1999-01-28T12:00:00Z,1999,1,12,31004_19990128_1200_12,0,58.37,125.22,OK,,3,,,,,700.0,700.0,,,,,,,1500.0,1500.0,1500.0,1500.0,821.0,1500.0,1500.0,3588.1,observed_or_geopot,-18.6,-18.6,-18.6,,,,,,,,,gdas.adpupa.t12z.19990128.bufr,
31004,Aldan,1999-01-28T12:00:00Z,1999,1,12,31004_19990128_1200_12,0,58.37,125.22,OK,,4,,,,,600.0,600.0,,,,,,,2000.0,2000.0,2000.0,2000.0,1321.0,2000.0,2000.0,4785.5,observed_or_geopot,-21.6,-21.6,-21.6,,,,,,,,,gdas.adpupa.t12z.19990128.bufr,
31004,Aldan,1999-01-28T12:00:00Z,1999,1,12,31004_19990128_1200_12,0,58.37,125.22,OK,,5,,,,,500.0,500.0,,,,,,,2500.0,2500.0,2500.0,2500.0,1821.0,2500.0,2500.0,6157.1,observed_or_geopot,-25.6,-25.6,-25.6,,,,,,,,,gdas.adpupa.t12z.19990128.bufr,
31004,Aldan,1999-01-29T00:00:00Z,1999,1,00,31004_19990129_0000_00,0,58.37,125.22,OK,,0,,,,,1000.0,1000.0,,,,,,,0.0,0.0,0.0,0.0,-679.0,0.0,0.0,679.0,observed_or_geopot,-19.3,-19.3,-19.3,,,,,,,,,gdas.adpupa.t00z.19990129.bufr,
31004,Aldan,1999-01-29T00:00:00Z,1999,1,00,31004_19990129_0000_00,0,58.37,125.22,OK,,1,,,,,925.0,925.0,,,,,,,500.0,500.0,500.0,500.0,-179.0,500.0,500.0,1331.8,observed_or_geopot,-18.3,-18.3,-18.3,,,,,,,,,gdas.adpupa.t00z.19990129.bufr,
31004,Aldan,1999-01-29T00:00:00Z,1999,1,00,31004_19990129_0000_00,0,58.37,125.22,OK,,2,,,,,850.0,850.0,,,,,,,1000.0,1000.0,1000.0,1000.0,321.0,1000.0,1000.0,2029.0,observed_or_geopot,-16.3,-16.3,-16.3,,,,,,,,,gdas.adpupa.t00z.19990129.bufr,
31004,Aldan,1999-01-29T00:00:00Z,1999,1,00,31004_19990129_0000_00,0,58.37,125.22,OK,,3,,,,,700.0,700.0,,,,,,,1500.0,1500.0,1500.0,1500.0,821.0,1500.0,1500.0,3588.1,observed_or_geopot,-18.3,-18.3,-18.3,,,,,,,,,gdas.adpupa.t00z.19990129.bufr,
31004,Aldan,1999-01-29T00:00:00Z,1999,1,00,31004_19990129_0000_00,0,58.37,125.22,OK,,4,,,,,600.0,600.0,,,,,,,2000.0,2000.0,2000.0,2000.0,1321.0,2000.0,2000.0,4785.5,observed_or_geopot,-21.3,-21.3,-21.3,,,,,,,,,gdas.adpupa.t00z.19990129.bufr,
31004,Aldan,1999-01-29T00:00:00Z,1999,1,00,31004_19990129_0000_00,0,58.37,125.22,OK,,5,,,,,500.0,500.0,,,,,,,2500.0,2500.0,2500.0,2500.0,1821.0,2500.0,2500.0,6157.1,observed_or_geopot,-25.3,-25.3,-25.3,,,,,,,,,gdas.adpupa.t00z.19990129.bufr,
31004,Aldan,1999-01-29T12:00:00Z,1999,1,12,31004_19990129_1200_12,0,58.37,125.22,OK,,0,,,,,1000.0,1000.0,,,,,,,0.0,0.0,0.0,0.0,-679.0,0.0,0.0,679.0,observed_or_geopot,-19.3,-19.3,-19.3,,,,,,,,,gdas.adpupa.t12z.19990129.bufr,
31004,Aldan,1999-01-29T12:00:00Z,1999,1,12,31004_19990129_1200_12,0,58.37,125.22,OK,,1,,,,,925.0,925.0,,,,,,,500.0,500.0,500.0,500.0,-179.0,500.0,500.0,1331.8,observed_or_geopot,-18.3,-18.3,-18.3,,,,,,,,,gdas.adpupa.t12z.19990129.bufr,
31004,Aldan,1999-01-29T12:00:00Z,1999,1,12,31004_19990129_1200_12,0,58.37,125.22,OK,,2,,,,,850.0,850.0,,,,,,,1000.0,1000.0,1000.0,1000.0,321.0,1000.0,1000.0,2029.0,observed_or_geopot,-16.3,-16.3,-16.3,,,,,,,,,gdas.adpupa.t12z.19990129.bufr,
31004,Aldan,1999-01-29T12:00:00Z,1999,1,12,31004_19990129_1200_12,0,58.37,125.22,OK,,3,,,,,700.0,700.0,,,,,,,1500.0,1500.0,1500.0,1500.0,821.0,1500.0,1500.0,3588.1,observed_or_geopot,-18.3,-18.3,-18.3,,,,,,,,,gdas.adpupa.t12z.19990129.bufr,
31004,Aldan,1999-01-29T12:00:00Z,1999,1,12,31004_19990129_1200_12,0,58.37,125.22,OK,,4,,,,,600.0,600.0,,,,,,,2000.0,2000.0,2000.0,2000.0,1321.0,2000.0,2000.0,4785.5,observed_or_geopot,-21.3,-21.3,-21.3,,,,,,,,,gdas.adpupa.t12z.19990129.bufr,
31004,Aldan,1999-01-29T12:00:00Z,1999,1,12,31004_19990129_1200_12,0,58.37,125.22,OK,,5,,,,,500.0,500.0,,,,,,,2500.0,2500.0,2500.0,2500.0,1821.0,2500.0,2500.0,6157.1,observed_or_geopot,-25.3,-25.3,-25.3,,,,,,,,,gdas.adpupa.t12z.19990129.bufr,
31004,Aldan,1999-01-30T00:00:00Z,1999,1,00,31004_19990130_0000_00,0,58.37,125.22,OK,,0,,,,,1000.0,1000.0,,,,,,,0.0,0.0,0.0,0.0,-679.0,0.0,0.0,679.0,observed_or_geopot,-19.0,-19.0,-19.0,,,,,,,,,gdas.adpupa.t00z.19990130.bufr,
31004,Aldan,1999-01-30T00:00:00Z,1999,1,00,31004_19990130_0000_00,0,58.37,125.22,OK,,1,,,,,925.0,925.0,,,,,,,500.0,500.0,500.0,500.0,-179.0,500.0,500.0,1331.8,observed_or_geopot,-18.0,-18.0,-18.0,,,,,,,,,gdas.adpupa.t00z.19990130.bufr,
31004,Aldan,1999-01-30T00:00:00Z,1999,1,00,31004_19990130_0000_00,0,58.37,125.22,OK,,2,,,,,850.0,850.0,,,,,,,1000.0,1000.0,1000.0,1000.0,321.0,1000.0,1000.0,2029.0,observed_or_geopot,-16.0,-16.0,-16.0,,,,,,,,,gdas.adpupa.t00z.19990130.bufr,
31004,Aldan,1999-01-30T00:00:00Z,1999,1,00,31004_19990130_0000_00,0,58.37,125.22,OK,,3,,,,,700.0,700.0,,,,,,,1500.0,1500.0,1500.0,1500.0,821.0,1500.0,1500.0,3588.1,observed_or_geopot,-18.0,-18.0,-18.0,,,,,,,,,gdas.adpupa.t00z.19990130.bufr,
31004,Aldan,1999-01-30T00:00:00Z,1999,1,00,31004_19990130_0000_00,0,58.37,125.22,OK,,4,,,,,600.0,600.0,,,,,,,2000.0,2000.0,2000.0,2000.0,1321.0,2000.0,2000.0,4785.5,observed_or_geopot,-21.0,-21.0,-21.0,,,,,,,,,gdas.adpupa.t00z.19990130.bufr,
31004,Aldan,1999-01-30T00:00:00Z,1999,1,00,31004_19990130_0000_00,0,58.37,125.22,OK,,5,,,,,500.0,500.0,,,,,,,2500.0,2500.0,2500.0,2500.0,1821.0,2500.0,2500.0,6157.1,observed_or_geopot,-25.0,-25.0,-25.0,,,,,,,,,gdas.adpupa.t00z.19990130.bufr,
31004,Aldan,1999-01-30T12:00:00Z,1999,1,12,31004_19990130_1200_12,0,58.37,125.22,OK,,0,,,,,1000.0,1000.0,,,,,,,0.0,0.0,0.0,0.0,-679.0,0.0,0.0,679.0,observed_or_geopot,-19.0,-19.0,-19.0,,,,,,,,,gdas.adpupa.t12z.19990130.bufr,
31004,Aldan,1999-01-30T12:00:00Z,1999,1,12,31004_19990130_1200_12,0,58.37,125.22,OK,,1,,,,,925.0,925.0,,,,,,,500.0,500.0,500.0,500.0,-179.0,500.0,500.0,1331.8,observed_or_geopot,-18.0,-18.0,-18.0,,,,,,,,,gdas.adpupa.t12z.19990130.bufr,
31004,Aldan,1999-01-30T12:00:00Z,1999,1,12,31004_19990130_1200_12,0,58.37,125.22,OK,,2,,,,,850.0,850.0,,,,,,,1000.0,1000.0,1000.0,1000.0,321.0,1000.0,1000.0,2029.0,observed_or_geopot,-16.0,-16.0,-16.0,,,,,,,,,gdas.adpupa.t12z.19990130.bufr,
31004,Aldan,1999-01-30T12:00:00Z,1999,1,12,31004_19990130_1200_12,0,58.37,125.22,OK,,3,,,,,700.0,700.0,,,,,,,1500.0,1500.0,1500.0,1500.0,821.0,1500.0,1500.0,3588.1,observed_or_geopot,-18.0,-18.0,-18.0,,,,,,,,,gdas.adpupa.t12z.19990130.bufr,
31004,Aldan,1999-01-30T12:00:00Z,1999,1,12,31004_19990130_1200_12,0,58.37,125.22,OK,,4,,,,,600.0,600.0,,,,,,,2000.0,2000.0,2000.0,2000.0,1321.0,2000.0,2000.0,4785.5,observed_or_geopot,-21.0,-21.0,-21.0,,,,,,,,,gdas.adpupa.t12z.19990130.bufr,
31004,Aldan,1999-01-30T12:00:00Z,1999,1,12,31004_19990130_1200_12,0,58.37,125.22,OK,,5,,,,,500.0,500.0,,,,,,,2500.0,2500.0,2500.0,2500.0,1821.0,2500.0,2500.0,6157.1,observed_or_geopot,-25.0,-25.0,-25.0,,,,,,,,,gdas.adpupa.t12z.19990130.bufr,
31004,Aldan,1999-01-31T00:00:00Z,1999,1,00,31004_19990131_0000_00,0,58.37,125.22,OK,,0,,,,,1000.0,1000.0,,,,,,,0.0,0.0,0.0,0.0,-679.0,0.0,0.0,679.0,observed_or_geopot,-18.700000000000003,-18.700000000000003,-18.700000000000003,,,,,,,,,gdas.adpupa.t00z.19990131.bufr,
31004,Aldan,1999-01-31T00:00:00Z,1999,1,00,31004_19990131_0000_00,0,58.37,125.22,OK,,1,,,,,925.0,925.0,,,,,,,500.0,500.0,500.0,500.0,-179.0,500.0,500.0,1331.8,observed_or_geopot,-17.700000000000003,-17.700000000000003,-17.700000000000003,,,,,,,,,gdas.adpupa.t00z.19990131.bufr,
31004,Aldan,1999-01-31T00:00:00Z,1999,1,00,31004_19990131_0000_00,0,58.37,125.22,OK,,2,,,,,850.0,850.0,,,,,,,1000.0,1000.0,1000.0,1000.0,321.0,1000.0,1000.0,2029.0,observed_or_geopot,-15.700000000000003,-15.700000000000003,-15.700000000000003,,,,,,,,,gdas.adpupa.t00z.19990131.bufr,
31004,Aldan,1999-01-31T00:00:00Z,1999,1,00,31004_19990131_0000_00,0,58.37,125.22,OK,,3,,,,,700.0,700.0,,,,,,,1500.0,1500.0,1500.0,1500.0,821.0,1500.0,1500.0,3588.1,observed_or_geopot,-17.700000000000003,-17.700000000000003,-17.700000000000003,,,,,,,,,gdas.adpupa.t00z.19990131.bufr,
31004,Aldan,1999-01-31T00:00:00Z,1999,1,00,31004_19990131_0000_00,0,58.37,125.22,OK,,4,,,,,600.0,600.0,,,,,,,2000.0,2000.0,2000.0,2000.0,1321.0,2000.0,2000.0,4785.5,observed_or_geopot,-20.700000000000003,-20.700000000000003,-20.700000000000003,,,,,,,,,gdas.adpupa.t00z.19990131.bufr,
31004,Aldan,1999-01-31T00:00:00Z,1999,1,00,31004_19990131_0000_00,0,58.37,125.22,OK,,5,,,,,500.0,500.0,,,,,,,2500.0,2500.0,2500.0,2500.0,1821.0,2500.0,2500.0,6157.1,observed_or_geopot,-24.700000000000003,-24.700000000000003,-24.700000000000003,,,,,,,,,gdas.adpupa.t00z.19990131.bufr,
31004,Aldan,1999-01-31T12:00:00Z,1999,1,12,31004_19990131_1200_12,0,58.37,125.22,OK,,0,,,,,1000.0,1000.0,,,,,,,0.0,0.0,0.0,0.0,-679.0,0.0,0.0,679.0,observed_or_geopot,-18.700000000000003,-18.700000000000003,-18.700000000000003,,,,,,,,,gdas.adpupa.t12z.19990131.bufr,
31004,Aldan,1999-01-31T12:00:00Z,1999,1,12,31004_19990131_1200_12,0,58.37,125.22,OK,,1,,,,,925.0,925.0,,,,,,,500.0,500.0,500.0,500.0,-179.0,500.0,500.0,1331.8,observed_or_geopot,-17.700000000000003,-17.700000000000003,-17.700000000000003,,,,,,,,,gdas.adpupa.t12z.19990131.bufr,
31004,Aldan,1999-01-31T12:00:00Z,1999,1,12,31004_19990131_1200_12,0,58.37,125.22,OK,,2,,,,,850.0,850.0,,,,,,,1000.0,1000.0,1000.0,1000.0,321.0,1000.0,1000.0,2029.0,observed_or_geopot,-15.700000000000003,-15.700000000000003,-15.700000000000003,,,,,,,,,gdas.adpupa.t12z.19990131.bufr,
31004,Aldan,1999-01-31T12:00:00Z,1999,1,12,31004_19990131_1200_12,0,58.37,125.22,OK,,3,,,,,700.0,700.0,,,,,,,1500.0,1500.0,1500.0,1500.0,821.0,1500.0,1500.0,3588.1,observed_or_geopot,-17.700000000000003,-17.700000000000003,-17.700000000000003,,,,,,,,,gdas.adpupa.t12z.19990131.bufr,
31004,Aldan,1999-01-31T12:00:00Z,1999,1,12,31004_19990131_1200_12,0,58.37,125.22,OK,,4,,,,,600.0,600.0,,,,,,,2000.0,2000.0,2000.0,2000.0,1321.0,2000.0,2000.0,4785.5,observed_or_geopot,-20.700000000000003,-20.700000000000003,-20.700000000000003,,,,,,,,,gdas.adpupa.t12z.19990131.bufr,
31004,Aldan,1999-01-31T12:00:00Z,1999,1,12,31004_19990131_1200_12,0,58.37,125.22,OK,,5,,,,,500.0,500.0,,,,,,,2500.0,2500.0,2500.0,2500.0,1821.0,2500.0,2500.0,6157.1,observed_or_geopot,-24.700000000000003,-24.700000000000003,-24.700000000000003,,,,,,,,,gdas.adpupa.t12z.19990131.bufr,
