bin_left,bin_right,bin_center,month,pressure_hpa,days
-inf,-20.0,-20.0,1,500.0,0
-20.0,-12.0,-16.0,1,500.0,0
-12.0,-8.0,-10.0,1,500.0,0
-8.0,-6.0,-7.0,1,500.0,0
-6.0,-4.0,-5.0,1,500.0,0
-4.0,-3.0,-3.5,1,500.0,0
-3.0,-2.0,-2.5,1,500.0,0
-2.0,-1.5,-1.75,1,500.0,0
-1.5,-1.0,-1.25,1,500.0,0
-1.0,-0.5,-0.75,1,500.0,1068
-0.5,0.0,-0.25,1,500.0,392
0.0,0.5,0.25,1,500.0,0
0.5,1.0,0.75,1,500.0,0
1.0,1.5,1.25,1,500.0,0
1.5,2.0,1.75,1,500.0,0
2.0,3.0,2.5,1,500.0,0
3.0,4.0,3.5,1,500.0,0
4.0,6.0,5.0,1,500.0,0
6.0,8.0,7.0,1,500.0,0
8.0,12.0,10.0,1,500.0,0
12.0,20.0,16.0,1,500.0,0
20.0,inf,20.0,1,500.0,0
-inf,-20.0,-20.0,1,750.0,0
-20.0,-12.0,-16.0,1,750.0,0
-12.0,-8.0,-10.0,1,750.0,0
-8.0,-6.0,-7.0,1,750.0,0
-6.0,-4.0,-5.0,1,750.0,0
-4.0,-3.0,-3.5,1,750.0,0
-3.0,-2.0,-2.5,1,750.0,0
-2.0,-1.5,-1.75,1,750.0,0
-1.5,-1.0,-1.25,1,750.0,0
-1.0,-0.5,-0.75,1,750.0,196
-0.5,0.0,-0.25,1,750.0,766
0.0,0.5,0.25,1,750.0,439
0.5,1.0,0.75,1,750.0,55
1.0,1.5,1.25,1,750.0,4
1.5,2.0,1.75,1,750.0,0
2.0,3.0,2.5,1,750.0,0
3.0,4.0,3.5,1,750.0,0
4.0,6.0,5.0,1,750.0,0
6.0,8.0,7.0,1,750.0,0
8.0,12.0,10.0,1,750.0,0
12.0,20.0,16.0,1,750.0,0
20.0,inf,20.0,1,750.0,0
-inf,-20.0,-20.0,1,850.0,0
-20.0,-12.0,-16.0,1,850.0,0
-12.0,-8.0,-10.0,1,850.0,0
-8.0,-6.0,-7.0,1,850.0,0
-6.0,-4.0,-5.0,1,850.0,0
-4.0,-3.0,-3.5,1,850.0,0
-3.0,-2.0,-2.5,1,850.0,0
-2.0,-1.5,-1.75,1,850.0,0
-1.5,-1.0,-1.25,1,850.0,1
-1.0,-0.5,-0.75,1,850.0,274
-0.5,0.0,-0.25,1,850.0,378
0.0,0.5,0.25,1,850.0,343
0.5,1.0,0.75,1,850.0,202
1.0,1.5,1.25,1,850.0,111
1.5,2.0,1.75,1,850.0,40
2.0,3.0,2.5,1,850.0,22
3.0,4.0,3.5,1,850.0,2
4.0,6.0,5.0,1,850.0,0
6.0,8.0,7.0,1,850.0,0
8.0,12.0,10.0,1,850.0,0
12.0,20.0,16.0,1,850.0,0
20.0,inf,20.0,1,850.0,0
-inf,-20.0,-20.0,2,500.0,0
-20.0,-12.0,-16.0,2,500.0,0
-12.0,-8.0,-10.0,2,500.0,0
-8.0,-6.0,-7.0,2,500.0,0
-6.0,-4.0,-5.0,2,500.0,0
-4.0,-3.0,-3.5,2,500.0,0
-3.0,-2.0,-2.5,2,500.0,0
-2.0,-1.5,-1.75,2,500.0,0
-1.5,-1.0,-1.25,2,500.0,0
-1.0,-0.5,-0.75,2,500.0,948
-0.5,0.0,-0.25,2,500.0,390
0.0,0.5,0.25,2,500.0,0
0.5,1.0,0.75,2,500.0,0
1.0,1.5,1.25,2,500.0,0
1.5,2.0,1.75,2,500.0,0
2.0,3.0,2.5,2,500.0,0
3.0,4.0,3.5,2,500.0,0
4.0,6.0,5.0,2,500.0,0
6.0,8.0,7.0,2,500.0,0
8.0,12.0,10.0,2,500.0,0
12.0,20.0,16.0,2,500.0,0
20.0,inf,20.0,2,500.0,0
-inf,-20.0,-20.0,2,750.0,0
-20.0,-12.0,-16.0,2,750.0,0
-12.0,-8.0,-10.0,2,750.0,0
-8.0,-6.0,-7.0,2,750.0,0
-6.0,-4.0,-5.0,2,750.0,0
-4.0,-3.0,-3.5,2,750.0,0
-3.0,-2.0,-2.5,2,750.0,0
-2.0,-1.5,-1.75,2,750.0,0
-1.5,-1.0,-1.25,2,750.0,0
-1.0,-0.5,-0.75,2,750.0,222
-0.5,0.0,-0.25,2,750.0,755
0.0,0.5,0.25,2,750.0,328
0.5,1.0,0.75,2,750.0,30
1.0,1.5,1.25,2,750.0,2
1.5,2.0,1.75,2,750.0,1
2.0,3.0,2.5,2,750.0,0
3.0,4.0,3.5,2,750.0,0
4.0,6.0,5.0,2,750.0,0
6.0,8.0,7.0,2,750.0,0
8.0,12.0,10.0,2,750.0,0
12.0,20.0,16.0,2,750.0,0
20.0,inf,20.0,2,750.0,0
-inf,-20.0,-20.0,2,850.0,0
-20.0,-12.0,-16.0,2,850.0,0
-12.0,-8.0,-10.0,2,850.0,0
-8.0,-6.0,-7.0,2,850.0,0
-6.0,-4.0,-5.0,2,850.0,0
-4.0,-3.0,-3.5,2,850.0,0
-3.0,-2.0,-2.5,2,850.0,1
-2.0,-1.5,-1.75,2,850.0,0
-1.5,-1.0,-1.25,2,850.0,7
-1.0,-0.5,-0.75,2,850.0,340
-0.5,0.0,-0.25,2,850.0,423
0.0,0.5,0.25,2,850.0,270
0.5,1.0,0.75,2,850.0,119
1.0,1.5,1.25,2,850.0,41
1.5,2.0,1.75,2,850.0,14
2.0,3.0,2.5,2,850.0,3
3.0,4.0,3.5,2,850.0,0
4.0,6.0,5.0,2,850.0,0
6.0,8.0,7.0,2,850.0,0
8.0,12.0,10.0,2,850.0,0
12.0,20.0,16.0,2,850.0,0
20.0,inf,20.0,2,850.0,0
-inf,-20.0,-20.0,3,500.0,0
-20.0,-12.0,-16.0,3,500.0,0
-12.0,-8.0,-10.0,3,500.0,0
-8.0,-6.0,-7.0,3,500.0,0
-6.0,-4.0,-5.0,3,500.0,0
-4.0,-3.0,-3.5,3,500.0,0
-3.0,-2.0,-2.5,3,500.0,0
-2.0,-1.5,-1.75,3,500.0,0
-1.5,-1.0,-1.25,3,500.0,0
-1.0,-0.5,-0.75,3,500.0,1158
-0.5,0.0,-0.25,3,500.0,289
0.0,0.5,0.25,3,500.0,0
0.5,1.0,0.75,3,500.0,0
1.0,1.5,1.25,3,500.0,0
1.5,2.0,1.75,3,500.0,0
2.0,3.0,2.5,3,500.0,0
3.0,4.0,3.5,3,500.0,0
4.0,6.0,5.0,3,500.0,0
6.0,8.0,7.0,3,500.0,0
8.0,12.0,10.0,3,500.0,0
12.0,20.0,16.0,3,500.0,0
20.0,inf,20.0,3,500.0,0
-inf,-20.0,-20.0,3,750.0,0
-20.0,-12.0,-16.0,3,750.0,0
-12.0,-8.0,-10.0,3,750.0,0
-8.0,-6.0,-7.0,3,750.0,0
-6.0,-4.0,-5.0,3,750.0,0
-4.0,-3.0,-3.5,3,750.0,0
-3.0,-2.0,-2.5,3,750.0,0
-2.0,-1.5,-1.75,3,750.0,0
-1.5,-1.0,-1.25,3,750.0,0
-1.0,-0.5,-0.75,3,750.0,775
-0.5,0.0,-0.25,3,750.0,579
0.0,0.5,0.25,3,750.0,89
0.5,1.0,0.75,3,750.0,4
1.0,1.5,1.25,3,750.0,0
1.5,2.0,1.75,3,750.0,0
2.0,3.0,2.5,3,750.0,0
3.0,4.0,3.5,3,750.0,0
4.0,6.0,5.0,3,750.0,0
6.0,8.0,7.0,3,750.0,0
8.0,12.0,10.0,3,750.0,0
12.0,20.0,16.0,3,750.0,0
20.0,inf,20.0,3,750.0,0
-inf,-20.0,-20.0,3,850.0,0
-20.0,-12.0,-16.0,3,850.0,0
-12.0,-8.0,-10.0,3,850.0,0
-8.0,-6.0,-7.0,3,850.0,0
-6.0,-4.0,-5.0,3,850.0,0
-4.0,-3.0,-3.5,3,850.0,1
-3.0,-2.0,-2.5,3,850.0,0
-2.0,-1.5,-1.75,3,850.0,0
-1.5,-1.0,-1.25,3,850.0,6
-1.0,-0.5,-0.75,3,850.0,513
-0.5,0.0,-0.25,3,850.0,489
0.0,0.5,0.25,3,850.0,172
0.5,1.0,0.75,3,850.0,30
1.0,1.5,1.25,3,850.0,4
1.5,2.0,1.75,3,850.0,1
2.0,3.0,2.5,3,850.0,0
3.0,4.0,3.5,3,850.0,0
4.0,6.0,5.0,3,850.0,0
6.0,8.0,7.0,3,850.0,0
8.0,12.0,10.0,3,850.0,0
12.0,20.0,16.0,3,850.0,0
20.0,inf,20.0,3,850.0,0
-inf,-20.0,-20.0,4,500.0,0
-20.0,-12.0,-16.0,4,500.0,0
-12.0,-8.0,-10.0,4,500.0,0
-8.0,-6.0,-7.0,4,500.0,0
-6.0,-4.0,-5.0,4,500.0,0
-4.0,-3.0,-3.5,4,500.0,0
-3.0,-2.0,-2.5,4,500.0,0
-2.0,-1.5,-1.75,4,500.0,0
-1.5,-1.0,-1.25,4,500.0,1
-1.0,-0.5,-0.75,4,500.0,1176
-0.5,0.0,-0.25,4,500.0,225
0.0,0.5,0.25,4,500.0,0
0.5,1.0,0.75,4,500.0,0
1.0,1.5,1.25,4,500.0,0
1.5,2.0,1.75,4,500.0,0
2.0,3.0,2.5,4,500.0,0
3.0,4.0,3.5,4,500.0,0
4.0,6.0,5.0,4,500.0,0
6.0,8.0,7.0,4,500.0,0
8.0,12.0,10.0,4,500.0,0
12.0,20.0,16.0,4,500.0,0
20.0,inf,20.0,4,500.0,0
-inf,-20.0,-20.0,4,750.0,0
-20.0,-12.0,-16.0,4,750.0,0
-12.0,-8.0,-10.0,4,750.0,0
-8.0,-6.0,-7.0,4,750.0,0
-6.0,-4.0,-5.0,4,750.0,0
-4.0,-3.0,-3.5,4,750.0,1
-3.0,-2.0,-2.5,4,750.0,0
-2.0,-1.5,-1.75,4,750.0,0
-1.5,-1.0,-1.25,4,750.0,0
-1.0,-0.5,-0.75,4,750.0,1055
-0.5,0.0,-0.25,4,750.0,315
0.0,0.5,0.25,4,750.0,28
0.5,1.0,0.75,4,750.0,3
1.0,1.5,1.25,4,750.0,0
1.5,2.0,1.75,4,750.0,0
2.0,3.0,2.5,4,750.0,0
3.0,4.0,3.5,4,750.0,0
4.0,6.0,5.0,4,750.0,0
6.0,8.0,7.0,4,750.0,0
8.0,12.0,10.0,4,750.0,0
12.0,20.0,16.0,4,750.0,0
20.0,inf,20.0,4,750.0,0
-inf,-20.0,-20.0,4,850.0,0
-20.0,-12.0,-16.0,4,850.0,0
-12.0,-8.0,-10.0,4,850.0,0
-8.0,-6.0,-7.0,4,850.0,0
-6.0,-4.0,-5.0,4,850.0,0
-4.0,-3.0,-3.5,4,850.0,0
-3.0,-2.0,-2.5,4,850.0,0
-2.0,-1.5,-1.75,4,850.0,0
-1.5,-1.0,-1.25,4,850.0,14
-1.0,-0.5,-0.75,4,850.0,874
-0.5,0.0,-0.25,4,850.0,189
0.0,0.5,0.25,4,850.0,23
0.5,1.0,0.75,4,850.0,0
1.0,1.5,1.25,4,850.0,0
1.5,2.0,1.75,4,850.0,0
2.0,3.0,2.5,4,850.0,0
3.0,4.0,3.5,4,850.0,1
4.0,6.0,5.0,4,850.0,0
6.0,8.0,7.0,4,850.0,0
8.0,12.0,10.0,4,850.0,0
12.0,20.0,16.0,4,850.0,0
20.0,inf,20.0,4,850.0,0
-inf,-20.0,-20.0,5,500.0,0
-20.0,-12.0,-16.0,5,500.0,0
-12.0,-8.0,-10.0,5,500.0,0
-8.0,-6.0,-7.0,5,500.0,0
-6.0,-4.0,-5.0,5,500.0,0
-4.0,-3.0,-3.5,5,500.0,0
-3.0,-2.0,-2.5,5,500.0,0
-2.0,-1.5,-1.75,5,500.0,0
-1.5,-1.0,-1.25,5,500.0,0
-1.0,-0.5,-0.75,5,500.0,1329
-0.5,0.0,-0.25,5,500.0,189
0.0,0.5,0.25,5,500.0,0
0.5,1.0,0.75,5,500.0,0
1.0,1.5,1.25,5,500.0,0
1.5,2.0,1.75,5,500.0,0
2.0,3.0,2.5,5,500.0,0
3.0,4.0,3.5,5,500.0,0
4.0,6.0,5.0,5,500.0,0
6.0,8.0,7.0,5,500.0,0
8.0,12.0,10.0,5,500.0,0
12.0,20.0,16.0,5,500.0,0
20.0,inf,20.0,5,500.0,0
-inf,-20.0,-20.0,5,750.0,0
-20.0,-12.0,-16.0,5,750.0,0
-12.0,-8.0,-10.0,5,750.0,0
-8.0,-6.0,-7.0,5,750.0,0
-6.0,-4.0,-5.0,5,750.0,0
-4.0,-3.0,-3.5,5,750.0,0
-3.0,-2.0,-2.5,5,750.0,0
-2.0,-1.5,-1.75,5,750.0,0
-1.5,-1.0,-1.25,5,750.0,5
-1.0,-0.5,-0.75,5,750.0,1176
-0.5,0.0,-0.25,5,750.0,315
0.0,0.5,0.25,5,750.0,21
0.5,1.0,0.75,5,750.0,1
1.0,1.5,1.25,5,750.0,0
1.5,2.0,1.75,5,750.0,0
2.0,3.0,2.5,5,750.0,0
3.0,4.0,3.5,5,750.0,0
4.0,6.0,5.0,5,750.0,0
6.0,8.0,7.0,5,750.0,0
8.0,12.0,10.0,5,750.0,0
12.0,20.0,16.0,5,750.0,0
20.0,inf,20.0,5,750.0,0
-inf,-20.0,-20.0,5,850.0,0
-20.0,-12.0,-16.0,5,850.0,0
-12.0,-8.0,-10.0,5,850.0,0
-8.0,-6.0,-7.0,5,850.0,0
-6.0,-4.0,-5.0,5,850.0,0
-4.0,-3.0,-3.5,5,850.0,0
-3.0,-2.0,-2.5,5,850.0,0
-2.0,-1.5,-1.75,5,850.0,5
-1.5,-1.0,-1.25,5,850.0,57
-1.0,-0.5,-0.75,5,850.0,949
-0.5,0.0,-0.25,5,850.0,126
0.0,0.5,0.25,5,850.0,10
0.5,1.0,0.75,5,850.0,0
1.0,1.5,1.25,5,850.0,0
1.5,2.0,1.75,5,850.0,0
2.0,3.0,2.5,5,850.0,0
3.0,4.0,3.5,5,850.0,0
4.0,6.0,5.0,5,850.0,0
6.0,8.0,7.0,5,850.0,0
8.0,12.0,10.0,5,850.0,0
12.0,20.0,16.0,5,850.0,0
20.0,inf,20.0,5,850.0,0
-inf,-20.0,-20.0,6,500.0,0
-20.0,-12.0,-16.0,6,500.0,0
-12.0,-8.0,-10.0,6,500.0,0
-8.0,-6.0,-7.0,6,500.0,0
-6.0,-4.0,-5.0,6,500.0,0
-4.0,-3.0,-3.5,6,500.0,0
-3.0,-2.0,-2.5,6,500.0,0
-2.0,-1.5,-1.75,6,500.0,0
-1.5,-1.0,-1.25,6,500.0,0
-1.0,-0.5,-0.75,6,500.0,1335
-0.5,0.0,-0.25,6,500.0,133
0.0,0.5,0.25,6,500.0,0
0.5,1.0,0.75,6,500.0,0
1.0,1.5,1.25,6,500.0,0
1.5,2.0,1.75,6,500.0,0
2.0,3.0,2.5,6,500.0,0
3.0,4.0,3.5,6,500.0,0
4.0,6.0,5.0,6,500.0,0
6.0,8.0,7.0,6,500.0,0
8.0,12.0,10.0,6,500.0,0
12.0,20.0,16.0,6,500.0,0
20.0,inf,20.0,6,500.0,0
-inf,-20.0,-20.0,6,750.0,0
-20.0,-12.0,-16.0,6,750.0,0
-12.0,-8.0,-10.0,6,750.0,0
-8.0,-6.0,-7.0,6,750.0,0
-6.0,-4.0,-5.0,6,750.0,0
-4.0,-3.0,-3.5,6,750.0,0
-3.0,-2.0,-2.5,6,750.0,1
-2.0,-1.5,-1.75,6,750.0,0
-1.5,-1.0,-1.25,6,750.0,18
-1.0,-0.5,-0.75,6,750.0,1233
-0.5,0.0,-0.25,6,750.0,209
0.0,0.5,0.25,6,750.0,7
0.5,1.0,0.75,6,750.0,0
1.0,1.5,1.25,6,750.0,0
1.5,2.0,1.75,6,750.0,0
2.0,3.0,2.5,6,750.0,0
3.0,4.0,3.5,6,750.0,0
4.0,6.0,5.0,6,750.0,0
6.0,8.0,7.0,6,750.0,0
8.0,12.0,10.0,6,750.0,0
12.0,20.0,16.0,6,750.0,0
20.0,inf,20.0,6,750.0,0
-inf,-20.0,-20.0,6,850.0,0
-20.0,-12.0,-16.0,6,850.0,0
-12.0,-8.0,-10.0,6,850.0,0
-8.0,-6.0,-7.0,6,850.0,0
-6.0,-4.0,-5.0,6,850.0,0
-4.0,-3.0,-3.5,6,850.0,0
-3.0,-2.0,-2.5,6,850.0,1
-2.0,-1.5,-1.75,6,850.0,0
-1.5,-1.0,-1.25,6,850.0,65
-1.0,-0.5,-0.75,6,850.0,955
-0.5,0.0,-0.25,6,850.0,197
0.0,0.5,0.25,6,850.0,14
0.5,1.0,0.75,6,850.0,0
1.0,1.5,1.25,6,850.0,0
1.5,2.0,1.75,6,850.0,0
2.0,3.0,2.5,6,850.0,0
3.0,4.0,3.5,6,850.0,0
4.0,6.0,5.0,6,850.0,0
6.0,8.0,7.0,6,850.0,0
8.0,12.0,10.0,6,850.0,0
12.0,20.0,16.0,6,850.0,0
20.0,inf,20.0,6,850.0,0
-inf,-20.0,-20.0,7,500.0,0
-20.0,-12.0,-16.0,7,500.0,0
-12.0,-8.0,-10.0,7,500.0,0
-8.0,-6.0,-7.0,7,500.0,0
-6.0,-4.0,-5.0,7,500.0,0
-4.0,-3.0,-3.5,7,500.0,0
-3.0,-2.0,-2.5,7,500.0,0
-2.0,-1.5,-1.75,7,500.0,0
-1.5,-1.0,-1.25,7,500.0,1
-1.0,-0.5,-0.75,7,500.0,1282
-0.5,0.0,-0.25,7,500.0,199
0.0,0.5,0.25,7,500.0,0
0.5,1.0,0.75,7,500.0,0
1.0,1.5,1.25,7,500.0,0
1.5,2.0,1.75,7,500.0,0
2.0,3.0,2.5,7,500.0,0
3.0,4.0,3.5,7,500.0,0
4.0,6.0,5.0,7,500.0,0
6.0,8.0,7.0,7,500.0,0
8.0,12.0,10.0,7,500.0,0
12.0,20.0,16.0,7,500.0,0
20.0,inf,20.0,7,500.0,0
-inf,-20.0,-20.0,7,750.0,0
-20.0,-12.0,-16.0,7,750.0,0
-12.0,-8.0,-10.0,7,750.0,0
-8.0,-6.0,-7.0,7,750.0,0
-6.0,-4.0,-5.0,7,750.0,0
-4.0,-3.0,-3.5,7,750.0,0
-3.0,-2.0,-2.5,7,750.0,0
-2.0,-1.5,-1.75,7,750.0,0
-1.5,-1.0,-1.25,7,750.0,15
-1.0,-0.5,-0.75,7,750.0,1186
-0.5,0.0,-0.25,7,750.0,268
0.0,0.5,0.25,7,750.0,12
0.5,1.0,0.75,7,750.0,0
1.0,1.5,1.25,7,750.0,0
1.5,2.0,1.75,7,750.0,0
2.0,3.0,2.5,7,750.0,1
3.0,4.0,3.5,7,750.0,0
4.0,6.0,5.0,7,750.0,0
6.0,8.0,7.0,7,750.0,0
8.0,12.0,10.0,7,750.0,0
12.0,20.0,16.0,7,750.0,0
20.0,inf,20.0,7,750.0,0
-inf,-20.0,-20.0,7,850.0,0
-20.0,-12.0,-16.0,7,850.0,0
-12.0,-8.0,-10.0,7,850.0,0
-8.0,-6.0,-7.0,7,850.0,0
-6.0,-4.0,-5.0,7,850.0,0
-4.0,-3.0,-3.5,7,850.0,0
-3.0,-2.0,-2.5,7,850.0,0
-2.0,-1.5,-1.75,7,850.0,0
-1.5,-1.0,-1.25,7,850.0,20
-1.0,-0.5,-0.75,7,850.0,879
-0.5,0.0,-0.25,7,850.0,323
0.0,0.5,0.25,7,850.0,12
0.5,1.0,0.75,7,850.0,0
1.0,1.5,1.25,7,850.0,0
1.5,2.0,1.75,7,850.0,0
2.0,3.0,2.5,7,850.0,0
3.0,4.0,3.5,7,850.0,0
4.0,6.0,5.0,7,850.0,0
6.0,8.0,7.0,7,850.0,0
8.0,12.0,10.0,7,850.0,0
12.0,20.0,16.0,7,850.0,0
20.0,inf,20.0,7,850.0,0
-inf,-20.0,-20.0,8,500.0,0
-20.0,-12.0,-16.0,8,500.0,0
-12.0,-8.0,-10.0,8,500.0,0
-8.0,-6.0,-7.0,8,500.0,0
-6.0,-4.0,-5.0,8,500.0,0
-4.0,-3.0,-3.5,8,500.0,0
-3.0,-2.0,-2.5,8,500.0,0
-2.0,-1.5,-1.75,8,500.0,0
-1.5,-1.0,-1.25,8,500.0,1
-1.0,-0.5,-0.75,8,500.0,1264
-0.5,0.0,-0.25,8,500.0,230
0.0,0.5,0.25,8,500.0,0
0.5,1.0,0.75,8,500.0,0
1.0,1.5,1.25,8,500.0,0
1.5,2.0,1.75,8,500.0,0
2.0,3.0,2.5,8,500.0,0
3.0,4.0,3.5,8,500.0,0
4.0,6.0,5.0,8,500.0,0
6.0,8.0,7.0,8,500.0,0
8.0,12.0,10.0,8,500.0,0
12.0,20.0,16.0,8,500.0,0
20.0,inf,20.0,8,500.0,0
-inf,-20.0,-20.0,8,750.0,0
-20.0,-12.0,-16.0,8,750.0,0
-12.0,-8.0,-10.0,8,750.0,0
-8.0,-6.0,-7.0,8,750.0,0
-6.0,-4.0,-5.0,8,750.0,0
-4.0,-3.0,-3.5,8,750.0,0
-3.0,-2.0,-2.5,8,750.0,0
-2.0,-1.5,-1.75,8,750.0,0
-1.5,-1.0,-1.25,8,750.0,9
-1.0,-0.5,-0.75,8,750.0,1136
-0.5,0.0,-0.25,8,750.0,337
0.0,0.5,0.25,8,750.0,13
0.5,1.0,0.75,8,750.0,0
1.0,1.5,1.25,8,750.0,0
1.5,2.0,1.75,8,750.0,0
2.0,3.0,2.5,8,750.0,0
3.0,4.0,3.5,8,750.0,0
4.0,6.0,5.0,8,750.0,0
6.0,8.0,7.0,8,750.0,0
8.0,12.0,10.0,8,750.0,0
12.0,20.0,16.0,8,750.0,0
20.0,inf,20.0,8,750.0,0
-inf,-20.0,-20.0,8,850.0,0
-20.0,-12.0,-16.0,8,850.0,0
-12.0,-8.0,-10.0,8,850.0,0
-8.0,-6.0,-7.0,8,850.0,0
-6.0,-4.0,-5.0,8,850.0,0
-4.0,-3.0,-3.5,8,850.0,0
-3.0,-2.0,-2.5,8,850.0,0
-2.0,-1.5,-1.75,8,850.0,0
-1.5,-1.0,-1.25,8,850.0,9
-1.0,-0.5,-0.75,8,850.0,768
-0.5,0.0,-0.25,8,850.0,549
0.0,0.5,0.25,8,850.0,39
0.5,1.0,0.75,8,850.0,2
1.0,1.5,1.25,8,850.0,0
1.5,2.0,1.75,8,850.0,0
2.0,3.0,2.5,8,850.0,0
3.0,4.0,3.5,8,850.0,0
4.0,6.0,5.0,8,850.0,0
6.0,8.0,7.0,8,850.0,0
8.0,12.0,10.0,8,850.0,0
12.0,20.0,16.0,8,850.0,0
20.0,inf,20.0,8,850.0,0
-inf,-20.0,-20.0,9,500.0,0
-20.0,-12.0,-16.0,9,500.0,0
-12.0,-8.0,-10.0,9,500.0,0
-8.0,-6.0,-7.0,9,500.0,0
-6.0,-4.0,-5.0,9,500.0,0
-4.0,-3.0,-3.5,9,500.0,0
-3.0,-2.0,-2.5,9,500.0,0
-2.0,-1.5,-1.75,9,500.0,0
-1.5,-1.0,-1.25,9,500.0,0
-1.0,-0.5,-0.75,9,500.0,1258
-0.5,0.0,-0.25,9,500.0,213
0.0,0.5,0.25,9,500.0,0
0.5,1.0,0.75,9,500.0,0
1.0,1.5,1.25,9,500.0,0
1.5,2.0,1.75,9,500.0,0
2.0,3.0,2.5,9,500.0,0
3.0,4.0,3.5,9,500.0,0
4.0,6.0,5.0,9,500.0,0
6.0,8.0,7.0,9,500.0,0
8.0,12.0,10.0,9,500.0,0
12.0,20.0,16.0,9,500.0,0
20.0,inf,20.0,9,500.0,0
-inf,-20.0,-20.0,9,750.0,0
-20.0,-12.0,-16.0,9,750.0,0
-12.0,-8.0,-10.0,9,750.0,0
-8.0,-6.0,-7.0,9,750.0,0
-6.0,-4.0,-5.0,9,750.0,0
-4.0,-3.0,-3.5,9,750.0,0
-3.0,-2.0,-2.5,9,750.0,0
-2.0,-1.5,-1.75,9,750.0,0
-1.5,-1.0,-1.25,9,750.0,5
-1.0,-0.5,-0.75,9,750.0,976
-0.5,0.0,-0.25,9,750.0,467
0.0,0.5,0.25,9,750.0,22
0.5,1.0,0.75,9,750.0,1
1.0,1.5,1.25,9,750.0,0
1.5,2.0,1.75,9,750.0,0
2.0,3.0,2.5,9,750.0,0
3.0,4.0,3.5,9,750.0,0
4.0,6.0,5.0,9,750.0,0
6.0,8.0,7.0,9,750.0,0
8.0,12.0,10.0,9,750.0,0
12.0,20.0,16.0,9,750.0,0
20.0,inf,20.0,9,750.0,0
-inf,-20.0,-20.0,9,850.0,0
-20.0,-12.0,-16.0,9,850.0,0
-12.0,-8.0,-10.0,9,850.0,0
-8.0,-6.0,-7.0,9,850.0,0
-6.0,-4.0,-5.0,9,850.0,0
-4.0,-3.0,-3.5,9,850.0,0
-3.0,-2.0,-2.5,9,850.0,1
-2.0,-1.5,-1.75,9,850.0,0
-1.5,-1.0,-1.25,9,850.0,7
-1.0,-0.5,-0.75,9,850.0,721
-0.5,0.0,-0.25,9,850.0,542
0.0,0.5,0.25,9,850.0,76
0.5,1.0,0.75,9,850.0,7
1.0,1.5,1.25,9,850.0,1
1.5,2.0,1.75,9,850.0,0
2.0,3.0,2.5,9,850.0,0
3.0,4.0,3.5,9,850.0,0
4.0,6.0,5.0,9,850.0,0
6.0,8.0,7.0,9,850.0,0
8.0,12.0,10.0,9,850.0,0
12.0,20.0,16.0,9,850.0,0
20.0,inf,20.0,9,850.0,0
-inf,-20.0,-20.0,10,500.0,0
-20.0,-12.0,-16.0,10,500.0,0
-12.0,-8.0,-10.0,10,500.0,0
-8.0,-6.0,-7.0,10,500.0,0
-6.0,-4.0,-5.0,10,500.0,0
-4.0,-3.0,-3.5,10,500.0,0
-3.0,-2.0,-2.5,10,500.0,0
-2.0,-1.5,-1.75,10,500.0,0
-1.5,-1.0,-1.25,10,500.0,0
-1.0,-0.5,-0.75,10,500.0,1173
-0.5,0.0,-0.25,10,500.0,358
0.0,0.5,0.25,10,500.0,0
0.5,1.0,0.75,10,500.0,0
1.0,1.5,1.25,10,500.0,0
1.5,2.0,1.75,10,500.0,0
2.0,3.0,2.5,10,500.0,0
3.0,4.0,3.5,10,500.0,0
4.0,6.0,5.0,10,500.0,0
6.0,8.0,7.0,10,500.0,0
8.0,12.0,10.0,10,500.0,0
12.0,20.0,16.0,10,500.0,0
20.0,inf,20.0,10,500.0,0
-inf,-20.0,-20.0,10,750.0,0
-20.0,-12.0,-16.0,10,750.0,0
-12.0,-8.0,-10.0,10,750.0,0
-8.0,-6.0,-7.0,10,750.0,0
-6.0,-4.0,-5.0,10,750.0,0
-4.0,-3.0,-3.5,10,750.0,0
-3.0,-2.0,-2.5,10,750.0,0
-2.0,-1.5,-1.75,10,750.0,0
-1.5,-1.0,-1.25,10,750.0,0
-1.0,-0.5,-0.75,10,750.0,703
-0.5,0.0,-0.25,10,750.0,710
0.0,0.5,0.25,10,750.0,114
0.5,1.0,0.75,10,750.0,4
1.0,1.5,1.25,10,750.0,0
1.5,2.0,1.75,10,750.0,0
2.0,3.0,2.5,10,750.0,0
3.0,4.0,3.5,10,750.0,0
4.0,6.0,5.0,10,750.0,0
6.0,8.0,7.0,10,750.0,0
8.0,12.0,10.0,10,750.0,0
12.0,20.0,16.0,10,750.0,0
20.0,inf,20.0,10,750.0,0
-inf,-20.0,-20.0,10,850.0,0
-20.0,-12.0,-16.0,10,850.0,0
-12.0,-8.0,-10.0,10,850.0,0
-8.0,-6.0,-7.0,10,850.0,0
-6.0,-4.0,-5.0,10,850.0,0
-4.0,-3.0,-3.5,10,850.0,0
-3.0,-2.0,-2.5,10,850.0,0
-2.0,-1.5,-1.75,10,850.0,0
-1.5,-1.0,-1.25,10,850.0,9
-1.0,-0.5,-0.75,10,850.0,850
-0.5,0.0,-0.25,10,850.0,420
0.0,0.5,0.25,10,850.0,96
0.5,1.0,0.75,10,850.0,35
1.0,1.5,1.25,10,850.0,15
1.5,2.0,1.75,10,850.0,1
2.0,3.0,2.5,10,850.0,0
3.0,4.0,3.5,10,850.0,0
4.0,6.0,5.0,10,850.0,0
6.0,8.0,7.0,10,850.0,0
8.0,12.0,10.0,10,850.0,0
12.0,20.0,16.0,10,850.0,0
20.0,inf,20.0,10,850.0,0
-inf,-20.0,-20.0,11,500.0,0
-20.0,-12.0,-16.0,11,500.0,0
-12.0,-8.0,-10.0,11,500.0,0
-8.0,-6.0,-7.0,11,500.0,0
-6.0,-4.0,-5.0,11,500.0,0
-4.0,-3.0,-3.5,11,500.0,0
-3.0,-2.0,-2.5,11,500.0,0
-2.0,-1.5,-1.75,11,500.0,0
-1.5,-1.0,-1.25,11,500.0,0
-1.0,-0.5,-0.75,11,500.0,1102
-0.5,0.0,-0.25,11,500.0,375
0.0,0.5,0.25,11,500.0,0
0.5,1.0,0.75,11,500.0,0
1.0,1.5,1.25,11,500.0,0
1.5,2.0,1.75,11,500.0,0
2.0,3.0,2.5,11,500.0,0
3.0,4.0,3.5,11,500.0,0
4.0,6.0,5.0,11,500.0,0
6.0,8.0,7.0,11,500.0,0
8.0,12.0,10.0,11,500.0,0
12.0,20.0,16.0,11,500.0,0
20.0,inf,20.0,11,500.0,0
-inf,-20.0,-20.0,11,750.0,0
-20.0,-12.0,-16.0,11,750.0,0
-12.0,-8.0,-10.0,11,750.0,0
-8.0,-6.0,-7.0,11,750.0,0
-6.0,-4.0,-5.0,11,750.0,0
-4.0,-3.0,-3.5,11,750.0,0
-3.0,-2.0,-2.5,11,750.0,0
-2.0,-1.5,-1.75,11,750.0,0
-1.5,-1.0,-1.25,11,750.0,0
-1.0,-0.5,-0.75,11,750.0,310
-0.5,0.0,-0.25,11,750.0,857
0.0,0.5,0.25,11,750.0,274
0.5,1.0,0.75,11,750.0,29
1.0,1.5,1.25,11,750.0,6
1.5,2.0,1.75,11,750.0,1
2.0,3.0,2.5,11,750.0,0
3.0,4.0,3.5,11,750.0,0
4.0,6.0,5.0,11,750.0,0
6.0,8.0,7.0,11,750.0,0
8.0,12.0,10.0,11,750.0,0
12.0,20.0,16.0,11,750.0,0
20.0,inf,20.0,11,750.0,0
-inf,-20.0,-20.0,11,850.0,0
-20.0,-12.0,-16.0,11,850.0,0
-12.0,-8.0,-10.0,11,850.0,0
-8.0,-6.0,-7.0,11,850.0,0
-6.0,-4.0,-5.0,11,850.0,0
-4.0,-3.0,-3.5,11,850.0,0
-3.0,-2.0,-2.5,11,850.0,0
-2.0,-1.5,-1.75,11,850.0,0
-1.5,-1.0,-1.25,11,850.0,2
-1.0,-0.5,-0.75,11,850.0,394
-0.5,0.0,-0.25,11,850.0,424
0.0,0.5,0.25,11,850.0,295
0.5,1.0,0.75,11,850.0,134
1.0,1.5,1.25,11,850.0,47
1.5,2.0,1.75,11,850.0,19
2.0,3.0,2.5,11,850.0,6
3.0,4.0,3.5,11,850.0,0
4.0,6.0,5.0,11,850.0,0
6.0,8.0,7.0,11,850.0,0
8.0,12.0,10.0,11,850.0,0
12.0,20.0,16.0,11,850.0,0
20.0,inf,20.0,11,850.0,0
-inf,-20.0,-20.0,12,500.0,0
-20.0,-12.0,-16.0,12,500.0,0
-12.0,-8.0,-10.0,12,500.0,0
-8.0,-6.0,-7.0,12,500.0,0
-6.0,-4.0,-5.0,12,500.0,0
-4.0,-3.0,-3.5,12,500.0,0
-3.0,-2.0,-2.5,12,500.0,0
-2.0,-1.5,-1.75,12,500.0,0
-1.5,-1.0,-1.25,12,500.0,0
-1.0,-0.5,-0.75,12,500.0,1057
-0.5,0.0,-0.25,12,500.0,468
0.0,0.5,0.25,12,500.0,0
0.5,1.0,0.75,12,500.0,0
1.0,1.5,1.25,12,500.0,0
1.5,2.0,1.75,12,500.0,0
2.0,3.0,2.5,12,500.0,0
3.0,4.0,3.5,12,500.0,0
4.0,6.0,5.0,12,500.0,0
6.0,8.0,7.0,12,500.0,0
8.0,12.0,10.0,12,500.0,0
12.0,20.0,16.0,12,500.0,0
20.0,inf,20.0,12,500.0,0
-inf,-20.0,-20.0,12,750.0,0
-20.0,-12.0,-16.0,12,750.0,0
-12.0,-8.0,-10.0,12,750.0,0
-8.0,-6.0,-7.0,12,750.0,0
-6.0,-4.0,-5.0,12,750.0,0
-4.0,-3.0,-3.5,12,750.0,0
-3.0,-2.0,-2.5,12,750.0,0
-2.0,-1.5,-1.75,12,750.0,0
-1.5,-1.0,-1.25,12,750.0,0
-1.0,-0.5,-0.75,12,750.0,182
-0.5,0.0,-0.25,12,750.0,758
0.0,0.5,0.25,12,750.0,504
0.5,1.0,0.75,12,750.0,74
1.0,1.5,1.25,12,750.0,7
1.5,2.0,1.75,12,750.0,0
2.0,3.0,2.5,12,750.0,0
3.0,4.0,3.5,12,750.0,0
4.0,6.0,5.0,12,750.0,0
6.0,8.0,7.0,12,750.0,0
8.0,12.0,10.0,12,750.0,0
12.0,20.0,16.0,12,750.0,0
20.0,inf,20.0,12,750.0,0
-inf,-20.0,-20.0,12,850.0,0
-20.0,-12.0,-16.0,12,850.0,0
-12.0,-8.0,-10.0,12,850.0,0
-8.0,-6.0,-7.0,12,850.0,0
-6.0,-4.0,-5.0,12,850.0,0
-4.0,-3.0,-3.5,12,850.0,0
-3.0,-2.0,-2.5,12,850.0,0
-2.0,-1.5,-1.75,12,850.0,1
-1.5,-1.0,-1.25,12,850.0,0
-1.0,-0.5,-0.75,12,850.0,232
-0.5,0.0,-0.25,12,850.0,388
0.0,0.5,0.25,12,850.0,341
0.5,1.0,0.75,12,850.0,222
1.0,1.5,1.25,12,850.0,127
1.5,2.0,1.75,12,850.0,38
2.0,3.0,2.5,12,850.0,23
3.0,4.0,3.5,12,850.0,2
4.0,6.0,5.0,12,850.0,0
6.0,8.0,7.0,12,850.0,0
8.0,12.0,10.0,12,850.0,0
12.0,20.0,16.0,12,850.0,0
20.0,inf,20.0,12,850.0,0
