bin_left,bin_right,bin_center,month,position_type,count
0.0,50.0,25.0,1,E,0
50.0,100.0,75.0,1,E,0
100.0,150.0,125.0,1,E,0
150.0,250.0,200.0,1,E,3
250.0,400.0,325.0,1,E,14
400.0,600.0,500.0,1,E,13
600.0,800.0,700.0,1,E,17
800.0,1000.0,900.0,1,E,5
1000.0,1500.0,1250.0,1,E,19
1500.0,2000.0,1750.0,1,E,11
2000.0,3000.0,2500.0,1,E,0
3000.0,4500.0,3750.0,1,E,0
4500.0,inf,4500.0,1,E,0
0.0,50.0,25.0,1,G,45
50.0,100.0,75.0,1,G,41
100.0,150.0,125.0,1,G,64
150.0,250.0,200.0,1,G,181
250.0,400.0,325.0,1,G,132
400.0,600.0,500.0,1,G,99
600.0,800.0,700.0,1,G,108
800.0,1000.0,900.0,1,G,32
1000.0,1500.0,1250.0,1,G,85
1500.0,2000.0,1750.0,1,G,50
2000.0,3000.0,2500.0,1,G,18
3000.0,4500.0,3750.0,1,G,0
4500.0,inf,4500.0,1,G,0
0.0,50.0,25.0,1,HE,0
50.0,100.0,75.0,1,HE,0
100.0,150.0,125.0,1,HE,0
150.0,250.0,200.0,1,HE,0
250.0,400.0,325.0,1,HE,2
400.0,600.0,500.0,1,HE,16
600.0,800.0,700.0,1,HE,76
800.0,1000.0,900.0,1,HE,57
1000.0,1500.0,1250.0,1,HE,303
1500.0,2000.0,1750.0,1,HE,325
2000.0,3000.0,2500.0,1,HE,449
3000.0,4500.0,3750.0,1,HE,138
4500.0,inf,4500.0,1,HE,261
0.0,50.0,25.0,2,E,0
50.0,100.0,75.0,2,E,0
100.0,150.0,125.0,2,E,1
150.0,250.0,200.0,2,E,2
250.0,400.0,325.0,2,E,4
400.0,600.0,500.0,2,E,7
600.0,800.0,700.0,2,E,7
800.0,1000.0,900.0,2,E,2
1000.0,1500.0,1250.0,2,E,5
1500.0,2000.0,1750.0,2,E,3
2000.0,3000.0,2500.0,2,E,2
3000.0,4500.0,3750.0,2,E,0
4500.0,inf,4500.0,2,E,0
0.0,50.0,25.0,2,G,42
50.0,100.0,75.0,2,G,57
100.0,150.0,125.0,2,G,82
150.0,250.0,200.0,2,G,251
250.0,400.0,325.0,2,G,191
400.0,600.0,500.0,2,G,71
600.0,800.0,700.0,2,G,57
800.0,1000.0,900.0,2,G,16
1000.0,1500.0,1250.0,2,G,37
1500.0,2000.0,1750.0,2,G,19
2000.0,3000.0,2500.0,2,G,3
3000.0,4500.0,3750.0,2,G,0
4500.0,inf,4500.0,2,G,0
0.0,50.0,25.0,2,HE,0
50.0,100.0,75.0,2,HE,0
100.0,150.0,125.0,2,HE,0
150.0,250.0,200.0,2,HE,0
250.0,400.0,325.0,2,HE,3
400.0,600.0,500.0,2,HE,10
600.0,800.0,700.0,2,HE,51
800.0,1000.0,900.0,2,HE,35
1000.0,1500.0,1250.0,2,HE,248
1500.0,2000.0,1750.0,2,HE,291
2000.0,3000.0,2500.0,2,HE,397
3000.0,4500.0,3750.0,2,HE,120
4500.0,inf,4500.0,2,HE,251
0.0,50.0,25.0,3,E,0
50.0,100.0,75.0,3,E,0
100.0,150.0,125.0,3,E,0
150.0,250.0,200.0,3,E,4
250.0,400.0,325.0,3,E,10
400.0,600.0,500.0,3,E,8
600.0,800.0,700.0,3,E,6
800.0,1000.0,900.0,3,E,1
1000.0,1500.0,1250.0,3,E,0
1500.0,2000.0,1750.0,3,E,0
2000.0,3000.0,2500.0,3,E,0
3000.0,4500.0,3750.0,3,E,0
4500.0,inf,4500.0,3,E,0
0.0,50.0,25.0,3,G,58
50.0,100.0,75.0,3,G,88
100.0,150.0,125.0,3,G,117
150.0,250.0,200.0,3,G,311
250.0,400.0,325.0,3,G,213
400.0,600.0,500.0,3,G,59
600.0,800.0,700.0,3,G,18
800.0,1000.0,900.0,3,G,7
1000.0,1500.0,1250.0,3,G,1
1500.0,2000.0,1750.0,3,G,2
2000.0,3000.0,2500.0,3,G,0
3000.0,4500.0,3750.0,3,G,0
4500.0,inf,4500.0,3,G,0
0.0,50.0,25.0,3,HE,0
50.0,100.0,75.0,3,HE,0
100.0,150.0,125.0,3,HE,0
150.0,250.0,200.0,3,HE,0
250.0,400.0,325.0,3,HE,4
400.0,600.0,500.0,3,HE,14
600.0,800.0,700.0,3,HE,33
800.0,1000.0,900.0,3,HE,12
1000.0,1500.0,1250.0,3,HE,101
1500.0,2000.0,1750.0,3,HE,162
2000.0,3000.0,2500.0,3,HE,318
3000.0,4500.0,3750.0,3,HE,77
4500.0,inf,4500.0,3,HE,308
0.0,50.0,25.0,4,E,0
50.0,100.0,75.0,4,E,0
100.0,150.0,125.0,4,E,0
150.0,250.0,200.0,4,E,16
250.0,400.0,325.0,4,E,8
400.0,600.0,500.0,4,E,3
600.0,800.0,700.0,4,E,1
800.0,1000.0,900.0,4,E,1
1000.0,1500.0,1250.0,4,E,0
1500.0,2000.0,1750.0,4,E,0
2000.0,3000.0,2500.0,4,E,0
3000.0,4500.0,3750.0,4,E,0
4500.0,inf,4500.0,4,E,0
0.0,50.0,25.0,4,G,43
50.0,100.0,75.0,4,G,76
100.0,150.0,125.0,4,G,101
150.0,250.0,200.0,4,G,130
250.0,400.0,325.0,4,G,45
400.0,600.0,500.0,4,G,7
600.0,800.0,700.0,4,G,3
800.0,1000.0,900.0,4,G,0
1000.0,1500.0,1250.0,4,G,1
1500.0,2000.0,1750.0,4,G,0
2000.0,3000.0,2500.0,4,G,0
3000.0,4500.0,3750.0,4,G,0
4500.0,inf,4500.0,4,G,0
0.0,50.0,25.0,4,HE,0
50.0,100.0,75.0,4,HE,0
100.0,150.0,125.0,4,HE,0
150.0,250.0,200.0,4,HE,0
250.0,400.0,325.0,4,HE,0
400.0,600.0,500.0,4,HE,8
600.0,800.0,700.0,4,HE,32
800.0,1000.0,900.0,4,HE,17
1000.0,1500.0,1250.0,4,HE,61
1500.0,2000.0,1750.0,4,HE,113
2000.0,3000.0,2500.0,4,HE,314
3000.0,4500.0,3750.0,4,HE,92
4500.0,inf,4500.0,4,HE,249
0.0,50.0,25.0,5,E,0
50.0,100.0,75.0,5,E,2
100.0,150.0,125.0,5,E,1
150.0,250.0,200.0,5,E,11
250.0,400.0,325.0,5,E,12
400.0,600.0,500.0,5,E,6
600.0,800.0,700.0,5,E,0
800.0,1000.0,900.0,5,E,0
1000.0,1500.0,1250.0,5,E,0
1500.0,2000.0,1750.0,5,E,0
2000.0,3000.0,2500.0,5,E,0
3000.0,4500.0,3750.0,5,E,0
4500.0,inf,4500.0,5,E,0
0.0,50.0,25.0,5,G,20
50.0,100.0,75.0,5,G,28
100.0,150.0,125.0,5,G,29
150.0,250.0,200.0,5,G,38
250.0,400.0,325.0,5,G,21
400.0,600.0,500.0,5,G,3
600.0,800.0,700.0,5,G,1
800.0,1000.0,900.0,5,G,0
1000.0,1500.0,1250.0,5,G,0
1500.0,2000.0,1750.0,5,G,0
2000.0,3000.0,2500.0,5,G,0
3000.0,4500.0,3750.0,5,G,0
4500.0,inf,4500.0,5,G,0
0.0,50.0,25.0,5,HE,0
50.0,100.0,75.0,5,HE,0
100.0,150.0,125.0,5,HE,0
150.0,250.0,200.0,5,HE,0
250.0,400.0,325.0,5,HE,1
400.0,600.0,500.0,5,HE,15
600.0,800.0,700.0,5,HE,32
800.0,1000.0,900.0,5,HE,19
1000.0,1500.0,1250.0,5,HE,66
1500.0,2000.0,1750.0,5,HE,84
2000.0,3000.0,2500.0,5,HE,228
3000.0,4500.0,3750.0,5,HE,161
4500.0,inf,4500.0,5,HE,145
0.0,50.0,25.0,6,E,0
50.0,100.0,75.0,6,E,0
100.0,150.0,125.0,6,E,2
150.0,250.0,200.0,6,E,7
250.0,400.0,325.0,6,E,12
400.0,600.0,500.0,6,E,14
600.0,800.0,700.0,6,E,2
800.0,1000.0,900.0,6,E,1
1000.0,1500.0,1250.0,6,E,0
1500.0,2000.0,1750.0,6,E,0
2000.0,3000.0,2500.0,6,E,0
3000.0,4500.0,3750.0,6,E,0
4500.0,inf,4500.0,6,E,0
0.0,50.0,25.0,6,G,30
50.0,100.0,75.0,6,G,33
100.0,150.0,125.0,6,G,33
150.0,250.0,200.0,6,G,68
250.0,400.0,325.0,6,G,21
400.0,600.0,500.0,6,G,7
600.0,800.0,700.0,6,G,0
800.0,1000.0,900.0,6,G,0
1000.0,1500.0,1250.0,6,G,0
1500.0,2000.0,1750.0,6,G,0
2000.0,3000.0,2500.0,6,G,0
3000.0,4500.0,3750.0,6,G,0
4500.0,inf,4500.0,6,G,0
0.0,50.0,25.0,6,HE,0
50.0,100.0,75.0,6,HE,0
100.0,150.0,125.0,6,HE,0
150.0,250.0,200.0,6,HE,0
250.0,400.0,325.0,6,HE,0
400.0,600.0,500.0,6,HE,15
600.0,800.0,700.0,6,HE,19
800.0,1000.0,900.0,6,HE,13
1000.0,1500.0,1250.0,6,HE,52
1500.0,2000.0,1750.0,6,HE,45
2000.0,3000.0,2500.0,6,HE,177
3000.0,4500.0,3750.0,6,HE,160
4500.0,inf,4500.0,6,HE,32
0.0,50.0,25.0,7,E,0
50.0,100.0,75.0,7,E,0
100.0,150.0,125.0,7,E,3
150.0,250.0,200.0,7,E,16
250.0,400.0,325.0,7,E,24
400.0,600.0,500.0,7,E,8
600.0,800.0,700.0,7,E,1
800.0,1000.0,900.0,7,E,1
1000.0,1500.0,1250.0,7,E,0
1500.0,2000.0,1750.0,7,E,0
2000.0,3000.0,2500.0,7,E,0
3000.0,4500.0,3750.0,7,E,0
4500.0,inf,4500.0,7,E,0
0.0,50.0,25.0,7,G,30
50.0,100.0,75.0,7,G,54
100.0,150.0,125.0,7,G,35
150.0,250.0,200.0,7,G,96
250.0,400.0,325.0,7,G,44
400.0,600.0,500.0,7,G,11
600.0,800.0,700.0,7,G,3
800.0,1000.0,900.0,7,G,0
1000.0,1500.0,1250.0,7,G,0
1500.0,2000.0,1750.0,7,G,0
2000.0,3000.0,2500.0,7,G,0
3000.0,4500.0,3750.0,7,G,0
4500.0,inf,4500.0,7,G,0
0.0,50.0,25.0,7,HE,0
50.0,100.0,75.0,7,HE,0
100.0,150.0,125.0,7,HE,0
150.0,250.0,200.0,7,HE,0
250.0,400.0,325.0,7,HE,0
400.0,600.0,500.0,7,HE,25
600.0,800.0,700.0,7,HE,34
800.0,1000.0,900.0,7,HE,23
1000.0,1500.0,1250.0,7,HE,46
1500.0,2000.0,1750.0,7,HE,65
2000.0,3000.0,2500.0,7,HE,161
3000.0,4500.0,3750.0,7,HE,148
4500.0,inf,4500.0,7,HE,41
0.0,50.0,25.0,8,E,0
50.0,100.0,75.0,8,E,0
100.0,150.0,125.0,8,E,0
150.0,250.0,200.0,8,E,20
250.0,400.0,325.0,8,E,16
400.0,600.0,500.0,8,E,10
600.0,800.0,700.0,8,E,5
800.0,1000.0,900.0,8,E,0
1000.0,1500.0,1250.0,8,E,0
1500.0,2000.0,1750.0,8,E,0
2000.0,3000.0,2500.0,8,E,0
3000.0,4500.0,3750.0,8,E,0
4500.0,inf,4500.0,8,E,0
0.0,50.0,25.0,8,G,47
50.0,100.0,75.0,8,G,82
100.0,150.0,125.0,8,G,102
150.0,250.0,200.0,8,G,194
250.0,400.0,325.0,8,G,98
400.0,600.0,500.0,8,G,20
600.0,800.0,700.0,8,G,5
800.0,1000.0,900.0,8,G,0
1000.0,1500.0,1250.0,8,G,0
1500.0,2000.0,1750.0,8,G,0
2000.0,3000.0,2500.0,8,G,0
3000.0,4500.0,3750.0,8,G,0
4500.0,inf,4500.0,8,G,0
0.0,50.0,25.0,8,HE,0
50.0,100.0,75.0,8,HE,0
100.0,150.0,125.0,8,HE,0
150.0,250.0,200.0,8,HE,0
250.0,400.0,325.0,8,HE,3
400.0,600.0,500.0,8,HE,7
600.0,800.0,700.0,8,HE,39
800.0,1000.0,900.0,8,HE,21
1000.0,1500.0,1250.0,8,HE,63
1500.0,2000.0,1750.0,8,HE,88
2000.0,3000.0,2500.0,8,HE,222
3000.0,4500.0,3750.0,8,HE,178
4500.0,inf,4500.0,8,HE,35
0.0,50.0,25.0,9,E,0
50.0,100.0,75.0,9,E,0
100.0,150.0,125.0,9,E,0
150.0,250.0,200.0,9,E,4
250.0,400.0,325.0,9,E,14
400.0,600.0,500.0,9,E,14
600.0,800.0,700.0,9,E,4
800.0,1000.0,900.0,9,E,2
1000.0,1500.0,1250.0,9,E,0
1500.0,2000.0,1750.0,9,E,0
2000.0,3000.0,2500.0,9,E,0
3000.0,4500.0,3750.0,9,E,0
4500.0,inf,4500.0,9,E,0
0.0,50.0,25.0,9,G,31
50.0,100.0,75.0,9,G,96
100.0,150.0,125.0,9,G,99
150.0,250.0,200.0,9,G,210
250.0,400.0,325.0,9,G,102
400.0,600.0,500.0,9,G,43
600.0,800.0,700.0,9,G,9
800.0,1000.0,900.0,9,G,3
1000.0,1500.0,1250.0,9,G,0
1500.0,2000.0,1750.0,9,G,0
2000.0,3000.0,2500.0,9,G,0
3000.0,4500.0,3750.0,9,G,0
4500.0,inf,4500.0,9,G,0
0.0,50.0,25.0,9,HE,0
50.0,100.0,75.0,9,HE,0
100.0,150.0,125.0,9,HE,0
150.0,250.0,200.0,9,HE,0
250.0,400.0,325.0,9,HE,2
400.0,600.0,500.0,9,HE,12
600.0,800.0,700.0,9,HE,32
800.0,1000.0,900.0,9,HE,26
1000.0,1500.0,1250.0,9,HE,76
1500.0,2000.0,1750.0,9,HE,134
2000.0,3000.0,2500.0,9,HE,266
3000.0,4500.0,3750.0,9,HE,166
4500.0,inf,4500.0,9,HE,89
0.0,50.0,25.0,10,E,0
50.0,100.0,75.0,10,E,0
100.0,150.0,125.0,10,E,1
150.0,250.0,200.0,10,E,5
250.0,400.0,325.0,10,E,15
400.0,600.0,500.0,10,E,5
600.0,800.0,700.0,10,E,3
800.0,1000.0,900.0,10,E,3
1000.0,1500.0,1250.0,10,E,1
1500.0,2000.0,1750.0,10,E,0
2000.0,3000.0,2500.0,10,E,0
3000.0,4500.0,3750.0,10,E,0
4500.0,inf,4500.0,10,E,0
0.0,50.0,25.0,10,G,28
50.0,100.0,75.0,10,G,51
100.0,150.0,125.0,10,G,74
150.0,250.0,200.0,10,G,148
250.0,400.0,325.0,10,G,92
400.0,600.0,500.0,10,G,33
600.0,800.0,700.0,10,G,24
800.0,1000.0,900.0,10,G,6
1000.0,1500.0,1250.0,10,G,10
1500.0,2000.0,1750.0,10,G,1
2000.0,3000.0,2500.0,10,G,0
3000.0,4500.0,3750.0,10,G,0
4500.0,inf,4500.0,10,G,0
0.0,50.0,25.0,10,HE,0
50.0,100.0,75.0,10,HE,0
100.0,150.0,125.0,10,HE,0
150.0,250.0,200.0,10,HE,0
250.0,400.0,325.0,10,HE,2
400.0,600.0,500.0,10,HE,11
600.0,800.0,700.0,10,HE,33
800.0,1000.0,900.0,10,HE,32
1000.0,1500.0,1250.0,10,HE,174
1500.0,2000.0,1750.0,10,HE,223
2000.0,3000.0,2500.0,10,HE,406
3000.0,4500.0,3750.0,10,HE,148
4500.0,inf,4500.0,10,HE,226
0.0,50.0,25.0,11,E,0
50.0,100.0,75.0,11,E,1
100.0,150.0,125.0,11,E,0
150.0,250.0,200.0,11,E,5
250.0,400.0,325.0,11,E,15
400.0,600.0,500.0,11,E,9
600.0,800.0,700.0,11,E,8
800.0,1000.0,900.0,11,E,5
1000.0,1500.0,1250.0,11,E,5
1500.0,2000.0,1750.0,11,E,2
2000.0,3000.0,2500.0,11,E,0
3000.0,4500.0,3750.0,11,E,0
4500.0,inf,4500.0,11,E,0
0.0,50.0,25.0,11,G,21
50.0,100.0,75.0,11,G,41
100.0,150.0,125.0,11,G,71
150.0,250.0,200.0,11,G,158
250.0,400.0,325.0,11,G,123
400.0,600.0,500.0,11,G,94
600.0,800.0,700.0,11,G,82
800.0,1000.0,900.0,11,G,19
1000.0,1500.0,1250.0,11,G,35
1500.0,2000.0,1750.0,11,G,15
2000.0,3000.0,2500.0,11,G,1
3000.0,4500.0,3750.0,11,G,0
4500.0,inf,4500.0,11,G,0
0.0,50.0,25.0,11,HE,0
50.0,100.0,75.0,11,HE,0
100.0,150.0,125.0,11,HE,0
150.0,250.0,200.0,11,HE,0
250.0,400.0,325.0,11,HE,2
400.0,600.0,500.0,11,HE,11
600.0,800.0,700.0,11,HE,91
800.0,1000.0,900.0,11,HE,59
1000.0,1500.0,1250.0,11,HE,301
1500.0,2000.0,1750.0,11,HE,262
2000.0,3000.0,2500.0,11,HE,416
3000.0,4500.0,3750.0,11,HE,129
4500.0,inf,4500.0,11,HE,279
0.0,50.0,25.0,12,E,0
50.0,100.0,75.0,12,E,0
100.0,150.0,125.0,12,E,0
150.0,250.0,200.0,12,E,3
250.0,400.0,325.0,12,E,11
400.0,600.0,500.0,12,E,12
600.0,800.0,700.0,12,E,16
800.0,1000.0,900.0,12,E,7
1000.0,1500.0,1250.0,12,E,9
1500.0,2000.0,1750.0,12,E,5
2000.0,3000.0,2500.0,12,E,0
3000.0,4500.0,3750.0,12,E,1
4500.0,inf,4500.0,12,E,0
0.0,50.0,25.0,12,G,34
50.0,100.0,75.0,12,G,45
100.0,150.0,125.0,12,G,76
150.0,250.0,200.0,12,G,148
250.0,400.0,325.0,12,G,138
400.0,600.0,500.0,12,G,82
600.0,800.0,700.0,12,G,95
800.0,1000.0,900.0,12,G,36
1000.0,1500.0,1250.0,12,G,109
1500.0,2000.0,1750.0,12,G,37
2000.0,3000.0,2500.0,12,G,7
3000.0,4500.0,3750.0,12,G,0
4500.0,inf,4500.0,12,G,0
0.0,50.0,25.0,12,HE,0
50.0,100.0,75.0,12,HE,0
100.0,150.0,125.0,12,HE,0
150.0,250.0,200.0,12,HE,0
250.0,400.0,325.0,12,HE,1
400.0,600.0,500.0,12,HE,19
600.0,800.0,700.0,12,HE,96
800.0,1000.0,900.0,12,HE,59
1000.0,1500.0,1250.0,12,HE,325
1500.0,2000.0,1750.0,12,HE,335
2000.0,3000.0,2500.0,12,HE,509
3000.0,4500.0,3750.0,12,HE,148
4500.0,inf,4500.0,12,HE,312
