bin_left,bin_right,bin_center,month,position_type,profiles,eligible_profiles,recurrence_percent
0.0,50.0,25.0,1,E,0,1511,0.0
50.0,100.0,75.0,1,E,0,1511,0.0
100.0,150.0,125.0,1,E,0,1511,0.0
150.0,250.0,200.0,1,E,3,1511,0.1985440105890139
250.0,400.0,325.0,1,E,14,1511,0.9265387160820648
400.0,600.0,500.0,1,E,13,1511,0.8603573792190603
600.0,800.0,700.0,1,E,17,1511,1.1250827266710788
800.0,1000.0,900.0,1,E,5,1511,0.3309066843150232
1000.0,1500.0,1250.0,1,E,19,1511,1.257445400397088
1500.0,2000.0,1750.0,1,E,11,1511,0.727994705493051
2000.0,3000.0,2500.0,1,E,0,1511,0.0
3000.0,4500.0,3750.0,1,E,0,1511,0.0
4500.0,inf,4500.0,1,E,0,1511,0.0
0.0,50.0,25.0,1,G,45,1511,2.9781601588352085
50.0,100.0,75.0,1,G,41,1511,2.71343481138319
100.0,150.0,125.0,1,G,64,1511,4.2356055592322965
150.0,250.0,200.0,1,G,181,1511,11.97882197220384
250.0,400.0,325.0,1,G,132,1511,8.735936465916613
400.0,600.0,500.0,1,G,99,1511,6.551952349437459
600.0,800.0,700.0,1,G,108,1511,7.1475843812045
800.0,1000.0,900.0,1,G,32,1511,2.1178027796161483
1000.0,1500.0,1250.0,1,G,85,1511,5.625413633355394
1500.0,2000.0,1750.0,1,G,50,1511,3.3090668431502315
2000.0,3000.0,2500.0,1,G,18,1511,1.1912640635340834
3000.0,4500.0,3750.0,1,G,0,1511,0.0
4500.0,inf,4500.0,1,G,0,1511,0.0
0.0,50.0,25.0,1,HE,0,1511,0.0
50.0,100.0,75.0,1,HE,0,1511,0.0
100.0,150.0,125.0,1,HE,0,1511,0.0
150.0,250.0,200.0,1,HE,0,1511,0.0
250.0,400.0,325.0,1,HE,2,1511,0.13236267372600927
400.0,600.0,500.0,1,HE,16,1511,1.0589013898080741
600.0,800.0,700.0,1,HE,76,1511,5.029781601588352
800.0,1000.0,900.0,1,HE,57,1511,3.7723362011912642
1000.0,1500.0,1250.0,1,HE,303,1511,20.052945069490406
1500.0,2000.0,1750.0,1,HE,325,1511,21.508934480476505
2000.0,3000.0,2500.0,1,HE,449,1511,29.71542025148908
3000.0,4500.0,3750.0,1,HE,138,1511,9.133024487094639
4500.0,inf,4500.0,1,HE,261,1511,17.27332892124421
0.0,50.0,25.0,2,E,0,1388,0.0
50.0,100.0,75.0,2,E,0,1388,0.0
100.0,150.0,125.0,2,E,1,1388,0.07204610951008646
150.0,250.0,200.0,2,E,2,1388,0.1440922190201729
250.0,400.0,325.0,2,E,4,1388,0.2881844380403458
400.0,600.0,500.0,2,E,7,1388,0.5043227665706052
600.0,800.0,700.0,2,E,7,1388,0.5043227665706052
800.0,1000.0,900.0,2,E,2,1388,0.1440922190201729
1000.0,1500.0,1250.0,2,E,5,1388,0.36023054755043227
1500.0,2000.0,1750.0,2,E,3,1388,0.21613832853025938
2000.0,3000.0,2500.0,2,E,2,1388,0.1440922190201729
3000.0,4500.0,3750.0,2,E,0,1388,0.0
4500.0,inf,4500.0,2,E,0,1388,0.0
0.0,50.0,25.0,2,G,42,1388,3.025936599423631
50.0,100.0,75.0,2,G,57,1388,4.106628242074928
100.0,150.0,125.0,2,G,82,1388,5.9077809798270895
150.0,250.0,200.0,2,G,251,1388,18.0835734870317
250.0,400.0,325.0,2,G,191,1388,13.760806916426512
400.0,600.0,500.0,2,G,71,1388,5.115273775216139
600.0,800.0,700.0,2,G,57,1388,4.106628242074928
800.0,1000.0,900.0,2,G,16,1388,1.1527377521613833
1000.0,1500.0,1250.0,2,G,37,1388,2.6657060518731988
1500.0,2000.0,1750.0,2,G,19,1388,1.3688760806916427
2000.0,3000.0,2500.0,2,G,3,1388,0.21613832853025938
3000.0,4500.0,3750.0,2,G,0,1388,0.0
4500.0,inf,4500.0,2,G,0,1388,0.0
0.0,50.0,25.0,2,HE,0,1388,0.0
50.0,100.0,75.0,2,HE,0,1388,0.0
100.0,150.0,125.0,2,HE,0,1388,0.0
150.0,250.0,200.0,2,HE,0,1388,0.0
250.0,400.0,325.0,2,HE,3,1388,0.21613832853025938
400.0,600.0,500.0,2,HE,10,1388,0.7204610951008645
600.0,800.0,700.0,2,HE,51,1388,3.674351585014409
800.0,1000.0,900.0,2,HE,35,1388,2.521613832853026
1000.0,1500.0,1250.0,2,HE,248,1388,17.86743515850144
1500.0,2000.0,1750.0,2,HE,291,1388,20.965417867435157
2000.0,3000.0,2500.0,2,HE,397,1388,28.602305475504323
3000.0,4500.0,3750.0,2,HE,120,1388,8.645533141210375
4500.0,inf,4500.0,2,HE,251,1388,18.0835734870317
0.0,50.0,25.0,3,E,0,1509,0.0
50.0,100.0,75.0,3,E,0,1509,0.0
100.0,150.0,125.0,3,E,0,1509,0.0
150.0,250.0,200.0,3,E,4,1509,0.26507620941020543
250.0,400.0,325.0,3,E,10,1509,0.6626905235255135
400.0,600.0,500.0,3,E,8,1509,0.5301524188204109
600.0,800.0,700.0,3,E,6,1509,0.3976143141153081
800.0,1000.0,900.0,3,E,1,1509,0.06626905235255136
1000.0,1500.0,1250.0,3,E,0,1509,0.0
1500.0,2000.0,1750.0,3,E,0,1509,0.0
2000.0,3000.0,2500.0,3,E,0,1509,0.0
3000.0,4500.0,3750.0,3,E,0,1509,0.0
4500.0,inf,4500.0,3,E,0,1509,0.0
0.0,50.0,25.0,3,G,58,1509,3.8436050364479786
50.0,100.0,75.0,3,G,88,1509,5.831676607024519
100.0,150.0,125.0,3,G,117,1509,7.75347912524851
150.0,250.0,200.0,3,G,311,1509,20.609675281643472
250.0,400.0,325.0,3,G,213,1509,14.115308151093439
400.0,600.0,500.0,3,G,59,1509,3.90987408880053
600.0,800.0,700.0,3,G,18,1509,1.1928429423459244
800.0,1000.0,900.0,3,G,7,1509,0.46388336646785955
1000.0,1500.0,1250.0,3,G,1,1509,0.06626905235255136
1500.0,2000.0,1750.0,3,G,2,1509,0.13253810470510272
2000.0,3000.0,2500.0,3,G,0,1509,0.0
3000.0,4500.0,3750.0,3,G,0,1509,0.0
4500.0,inf,4500.0,3,G,0,1509,0.0
0.0,50.0,25.0,3,HE,0,1509,0.0
50.0,100.0,75.0,3,HE,0,1509,0.0
100.0,150.0,125.0,3,HE,0,1509,0.0
150.0,250.0,200.0,3,HE,0,1509,0.0
250.0,400.0,325.0,3,HE,4,1509,0.26507620941020543
400.0,600.0,500.0,3,HE,14,1509,0.9277667329357191
600.0,800.0,700.0,3,HE,33,1509,2.1868787276341948
800.0,1000.0,900.0,3,HE,12,1509,0.7952286282306162
1000.0,1500.0,1250.0,3,HE,101,1509,6.693174287607687
1500.0,2000.0,1750.0,3,HE,162,1509,10.73558648111332
2000.0,3000.0,2500.0,3,HE,318,1509,21.07355864811133
3000.0,4500.0,3750.0,3,HE,77,1509,5.1027170311464545
4500.0,inf,4500.0,3,HE,308,1509,20.410868124585818
0.0,50.0,25.0,4,E,0,1460,0.0
50.0,100.0,75.0,4,E,0,1460,0.0
100.0,150.0,125.0,4,E,0,1460,0.0
150.0,250.0,200.0,4,E,16,1460,1.095890410958904
250.0,400.0,325.0,4,E,8,1460,0.547945205479452
400.0,600.0,500.0,4,E,3,1460,0.2054794520547945
600.0,800.0,700.0,4,E,1,1460,0.0684931506849315
800.0,1000.0,900.0,4,E,1,1460,0.0684931506849315
1000.0,1500.0,1250.0,4,E,0,1460,0.0
1500.0,2000.0,1750.0,4,E,0,1460,0.0
2000.0,3000.0,2500.0,4,E,0,1460,0.0
3000.0,4500.0,3750.0,4,E,0,1460,0.0
4500.0,inf,4500.0,4,E,0,1460,0.0
0.0,50.0,25.0,4,G,43,1460,2.945205479452055
50.0,100.0,75.0,4,G,76,1460,5.205479452054795
100.0,150.0,125.0,4,G,101,1460,6.917808219178082
150.0,250.0,200.0,4,G,130,1460,8.904109589041095
250.0,400.0,325.0,4,G,45,1460,3.0821917808219177
400.0,600.0,500.0,4,G,7,1460,0.4794520547945206
600.0,800.0,700.0,4,G,3,1460,0.2054794520547945
800.0,1000.0,900.0,4,G,0,1460,0.0
1000.0,1500.0,1250.0,4,G,1,1460,0.0684931506849315
1500.0,2000.0,1750.0,4,G,0,1460,0.0
2000.0,3000.0,2500.0,4,G,0,1460,0.0
3000.0,4500.0,3750.0,4,G,0,1460,0.0
4500.0,inf,4500.0,4,G,0,1460,0.0
0.0,50.0,25.0,4,HE,0,1460,0.0
50.0,100.0,75.0,4,HE,0,1460,0.0
100.0,150.0,125.0,4,HE,0,1460,0.0
150.0,250.0,200.0,4,HE,0,1460,0.0
250.0,400.0,325.0,4,HE,0,1460,0.0
400.0,600.0,500.0,4,HE,8,1460,0.547945205479452
600.0,800.0,700.0,4,HE,32,1460,2.191780821917808
800.0,1000.0,900.0,4,HE,17,1460,1.1643835616438356
1000.0,1500.0,1250.0,4,HE,61,1460,4.178082191780822
1500.0,2000.0,1750.0,4,HE,113,1460,7.739726027397261
2000.0,3000.0,2500.0,4,HE,314,1460,21.506849315068493
3000.0,4500.0,3750.0,4,HE,92,1460,6.301369863013699
4500.0,inf,4500.0,4,HE,249,1460,17.054794520547944
0.0,50.0,25.0,5,E,0,1578,0.0
50.0,100.0,75.0,5,E,2,1578,0.12674271229404308
100.0,150.0,125.0,5,E,1,1578,0.06337135614702154
150.0,250.0,200.0,5,E,11,1578,0.697084917617237
250.0,400.0,325.0,5,E,12,1578,0.7604562737642585
400.0,600.0,500.0,5,E,6,1578,0.38022813688212925
600.0,800.0,700.0,5,E,0,1578,0.0
800.0,1000.0,900.0,5,E,0,1578,0.0
1000.0,1500.0,1250.0,5,E,0,1578,0.0
1500.0,2000.0,1750.0,5,E,0,1578,0.0
2000.0,3000.0,2500.0,5,E,0,1578,0.0
3000.0,4500.0,3750.0,5,E,0,1578,0.0
4500.0,inf,4500.0,5,E,0,1578,0.0
0.0,50.0,25.0,5,G,20,1578,1.2674271229404308
50.0,100.0,75.0,5,G,28,1578,1.7743979721166032
100.0,150.0,125.0,5,G,29,1578,1.837769328263625
150.0,250.0,200.0,5,G,38,1578,2.4081115335868186
250.0,400.0,325.0,5,G,21,1578,1.3307984790874523
400.0,600.0,500.0,5,G,3,1578,0.19011406844106463
600.0,800.0,700.0,5,G,1,1578,0.06337135614702154
800.0,1000.0,900.0,5,G,0,1578,0.0
1000.0,1500.0,1250.0,5,G,0,1578,0.0
1500.0,2000.0,1750.0,5,G,0,1578,0.0
2000.0,3000.0,2500.0,5,G,0,1578,0.0
3000.0,4500.0,3750.0,5,G,0,1578,0.0
4500.0,inf,4500.0,5,G,0,1578,0.0
0.0,50.0,25.0,5,HE,0,1578,0.0
50.0,100.0,75.0,5,HE,0,1578,0.0
100.0,150.0,125.0,5,HE,0,1578,0.0
150.0,250.0,200.0,5,HE,0,1578,0.0
250.0,400.0,325.0,5,HE,1,1578,0.06337135614702154
400.0,600.0,500.0,5,HE,15,1578,0.9505703422053232
600.0,800.0,700.0,5,HE,32,1578,2.027883396704689
800.0,1000.0,900.0,5,HE,19,1578,1.2040557667934093
1000.0,1500.0,1250.0,5,HE,66,1578,4.182509505703422
1500.0,2000.0,1750.0,5,HE,84,1578,5.323193916349809
2000.0,3000.0,2500.0,5,HE,228,1578,14.44866920152091
3000.0,4500.0,3750.0,5,HE,161,1578,10.202788339670468
4500.0,inf,4500.0,5,HE,145,1578,9.188846641318124
0.0,50.0,25.0,6,E,0,1526,0.0
50.0,100.0,75.0,6,E,0,1526,0.0
100.0,150.0,125.0,6,E,2,1526,0.1310615989515072
150.0,250.0,200.0,6,E,7,1526,0.45871559633027525
250.0,400.0,325.0,6,E,12,1526,0.7863695937090431
400.0,600.0,500.0,6,E,14,1526,0.9174311926605505
600.0,800.0,700.0,6,E,2,1526,0.1310615989515072
800.0,1000.0,900.0,6,E,1,1526,0.0655307994757536
1000.0,1500.0,1250.0,6,E,0,1526,0.0
1500.0,2000.0,1750.0,6,E,0,1526,0.0
2000.0,3000.0,2500.0,6,E,0,1526,0.0
3000.0,4500.0,3750.0,6,E,0,1526,0.0
4500.0,inf,4500.0,6,E,0,1526,0.0
0.0,50.0,25.0,6,G,30,1526,1.9659239842726082
50.0,100.0,75.0,6,G,33,1526,2.1625163826998692
100.0,150.0,125.0,6,G,33,1526,2.1625163826998692
150.0,250.0,200.0,6,G,68,1526,4.456094364351245
250.0,400.0,325.0,6,G,21,1526,1.3761467889908259
400.0,600.0,500.0,6,G,7,1526,0.45871559633027525
600.0,800.0,700.0,6,G,0,1526,0.0
800.0,1000.0,900.0,6,G,0,1526,0.0
1000.0,1500.0,1250.0,6,G,0,1526,0.0
1500.0,2000.0,1750.0,6,G,0,1526,0.0
2000.0,3000.0,2500.0,6,G,0,1526,0.0
3000.0,4500.0,3750.0,6,G,0,1526,0.0
4500.0,inf,4500.0,6,G,0,1526,0.0
0.0,50.0,25.0,6,HE,0,1526,0.0
50.0,100.0,75.0,6,HE,0,1526,0.0
100.0,150.0,125.0,6,HE,0,1526,0.0
150.0,250.0,200.0,6,HE,0,1526,0.0
250.0,400.0,325.0,6,HE,0,1526,0.0
400.0,600.0,500.0,6,HE,15,1526,0.9829619921363041
600.0,800.0,700.0,6,HE,19,1526,1.2450851900393185
800.0,1000.0,900.0,6,HE,13,1526,0.8519003931847969
1000.0,1500.0,1250.0,6,HE,52,1526,3.4076015727391877
1500.0,2000.0,1750.0,6,HE,45,1526,2.948885976408912
2000.0,3000.0,2500.0,6,HE,177,1526,11.598951507208389
3000.0,4500.0,3750.0,6,HE,160,1526,10.484927916120576
4500.0,inf,4500.0,6,HE,32,1526,2.0969855832241153
0.0,50.0,25.0,7,E,0,1520,0.0
50.0,100.0,75.0,7,E,0,1520,0.0
100.0,150.0,125.0,7,E,3,1520,0.19736842105263158
150.0,250.0,200.0,7,E,16,1520,1.0526315789473684
250.0,400.0,325.0,7,E,24,1520,1.5789473684210527
400.0,600.0,500.0,7,E,8,1520,0.5263157894736842
600.0,800.0,700.0,7,E,1,1520,0.06578947368421052
800.0,1000.0,900.0,7,E,1,1520,0.06578947368421052
1000.0,1500.0,1250.0,7,E,0,1520,0.0
1500.0,2000.0,1750.0,7,E,0,1520,0.0
2000.0,3000.0,2500.0,7,E,0,1520,0.0
3000.0,4500.0,3750.0,7,E,0,1520,0.0
4500.0,inf,4500.0,7,E,0,1520,0.0
0.0,50.0,25.0,7,G,30,1520,1.9736842105263157
50.0,100.0,75.0,7,G,54,1520,3.552631578947368
100.0,150.0,125.0,7,G,35,1520,2.302631578947368
150.0,250.0,200.0,7,G,96,1520,6.315789473684211
250.0,400.0,325.0,7,G,44,1520,2.8947368421052633
400.0,600.0,500.0,7,G,11,1520,0.7236842105263158
600.0,800.0,700.0,7,G,3,1520,0.19736842105263158
800.0,1000.0,900.0,7,G,0,1520,0.0
1000.0,1500.0,1250.0,7,G,0,1520,0.0
1500.0,2000.0,1750.0,7,G,0,1520,0.0
2000.0,3000.0,2500.0,7,G,0,1520,0.0
3000.0,4500.0,3750.0,7,G,0,1520,0.0
4500.0,inf,4500.0,7,G,0,1520,0.0
0.0,50.0,25.0,7,HE,0,1520,0.0
50.0,100.0,75.0,7,HE,0,1520,0.0
100.0,150.0,125.0,7,HE,0,1520,0.0
150.0,250.0,200.0,7,HE,0,1520,0.0
250.0,400.0,325.0,7,HE,0,1520,0.0
400.0,600.0,500.0,7,HE,25,1520,1.644736842105263
600.0,800.0,700.0,7,HE,34,1520,2.236842105263158
800.0,1000.0,900.0,7,HE,23,1520,1.513157894736842
1000.0,1500.0,1250.0,7,HE,46,1520,3.026315789473684
1500.0,2000.0,1750.0,7,HE,65,1520,4.276315789473684
2000.0,3000.0,2500.0,7,HE,161,1520,10.592105263157894
3000.0,4500.0,3750.0,7,HE,148,1520,9.736842105263158
4500.0,inf,4500.0,7,HE,41,1520,2.697368421052632
0.0,50.0,25.0,8,E,0,1495,0.0
50.0,100.0,75.0,8,E,0,1495,0.0
100.0,150.0,125.0,8,E,0,1495,0.0
150.0,250.0,200.0,8,E,20,1495,1.3377926421404682
250.0,400.0,325.0,8,E,16,1495,1.0702341137123745
400.0,600.0,500.0,8,E,10,1495,0.6688963210702341
600.0,800.0,700.0,8,E,5,1495,0.33444816053511706
800.0,1000.0,900.0,8,E,0,1495,0.0
1000.0,1500.0,1250.0,8,E,0,1495,0.0
1500.0,2000.0,1750.0,8,E,0,1495,0.0
2000.0,3000.0,2500.0,8,E,0,1495,0.0
3000.0,4500.0,3750.0,8,E,0,1495,0.0
4500.0,inf,4500.0,8,E,0,1495,0.0
0.0,50.0,25.0,8,G,47,1495,3.1438127090301005
50.0,100.0,75.0,8,G,82,1495,5.48494983277592
100.0,150.0,125.0,8,G,102,1495,6.822742474916388
150.0,250.0,200.0,8,G,194,1495,12.976588628762542
250.0,400.0,325.0,8,G,98,1495,6.5551839464882935
400.0,600.0,500.0,8,G,20,1495,1.3377926421404682
600.0,800.0,700.0,8,G,5,1495,0.33444816053511706
800.0,1000.0,900.0,8,G,0,1495,0.0
1000.0,1500.0,1250.0,8,G,0,1495,0.0
1500.0,2000.0,1750.0,8,G,0,1495,0.0
2000.0,3000.0,2500.0,8,G,0,1495,0.0
3000.0,4500.0,3750.0,8,G,0,1495,0.0
4500.0,inf,4500.0,8,G,0,1495,0.0
0.0,50.0,25.0,8,HE,0,1495,0.0
50.0,100.0,75.0,8,HE,0,1495,0.0
100.0,150.0,125.0,8,HE,0,1495,0.0
150.0,250.0,200.0,8,HE,0,1495,0.0
250.0,400.0,325.0,8,HE,3,1495,0.2006688963210702
400.0,600.0,500.0,8,HE,7,1495,0.46822742474916385
600.0,800.0,700.0,8,HE,39,1495,2.608695652173913
800.0,1000.0,900.0,8,HE,21,1495,1.4046822742474918
1000.0,1500.0,1250.0,8,HE,63,1495,4.214046822742475
1500.0,2000.0,1750.0,8,HE,88,1495,5.88628762541806
2000.0,3000.0,2500.0,8,HE,222,1495,14.849498327759198
3000.0,4500.0,3750.0,8,HE,178,1495,11.906354515050168
4500.0,inf,4500.0,8,HE,35,1495,2.341137123745819
0.0,50.0,25.0,9,E,0,1471,0.0
50.0,100.0,75.0,9,E,0,1471,0.0
100.0,150.0,125.0,9,E,0,1471,0.0
150.0,250.0,200.0,9,E,4,1471,0.27192386131883073
250.0,400.0,325.0,9,E,14,1471,0.9517335146159076
400.0,600.0,500.0,9,E,14,1471,0.9517335146159076
600.0,800.0,700.0,9,E,4,1471,0.27192386131883073
800.0,1000.0,900.0,9,E,2,1471,0.13596193065941536
1000.0,1500.0,1250.0,9,E,0,1471,0.0
1500.0,2000.0,1750.0,9,E,0,1471,0.0
2000.0,3000.0,2500.0,9,E,0,1471,0.0
3000.0,4500.0,3750.0,9,E,0,1471,0.0
4500.0,inf,4500.0,9,E,0,1471,0.0
0.0,50.0,25.0,9,G,31,1471,2.107409925220938
50.0,100.0,75.0,9,G,96,1471,6.5261726716519375
100.0,150.0,125.0,9,G,99,1471,6.730115567641061
150.0,250.0,200.0,9,G,210,1471,14.276002719238612
250.0,400.0,325.0,9,G,102,1471,6.934058463630184
400.0,600.0,500.0,9,G,43,1471,2.9231815091774305
600.0,800.0,700.0,9,G,9,1471,0.6118286879673691
800.0,1000.0,900.0,9,G,3,1471,0.20394289598912305
1000.0,1500.0,1250.0,9,G,0,1471,0.0
1500.0,2000.0,1750.0,9,G,0,1471,0.0
2000.0,3000.0,2500.0,9,G,0,1471,0.0
3000.0,4500.0,3750.0,9,G,0,1471,0.0
4500.0,inf,4500.0,9,G,0,1471,0.0
0.0,50.0,25.0,9,HE,0,1471,0.0
50.0,100.0,75.0,9,HE,0,1471,0.0
100.0,150.0,125.0,9,HE,0,1471,0.0
150.0,250.0,200.0,9,HE,0,1471,0.0
250.0,400.0,325.0,9,HE,2,1471,0.13596193065941536
400.0,600.0,500.0,9,HE,12,1471,0.8157715839564922
600.0,800.0,700.0,9,HE,32,1471,2.175390890550646
800.0,1000.0,900.0,9,HE,26,1471,1.7675050985723997
1000.0,1500.0,1250.0,9,HE,76,1471,5.166553365057784
1500.0,2000.0,1750.0,9,HE,134,1471,9.109449354180828
2000.0,3000.0,2500.0,9,HE,266,1471,18.082936777702244
3000.0,4500.0,3750.0,9,HE,166,1471,11.284840244731475
4500.0,inf,4500.0,9,HE,89,1471,6.0503059143439835
0.0,50.0,25.0,10,E,0,1531,0.0
50.0,100.0,75.0,10,E,0,1531,0.0
100.0,150.0,125.0,10,E,1,1531,0.06531678641410843
150.0,250.0,200.0,10,E,5,1531,0.32658393207054215
250.0,400.0,325.0,10,E,15,1531,0.9797517962116263
400.0,600.0,500.0,10,E,5,1531,0.32658393207054215
600.0,800.0,700.0,10,E,3,1531,0.1959503592423253
800.0,1000.0,900.0,10,E,3,1531,0.1959503592423253
1000.0,1500.0,1250.0,10,E,1,1531,0.06531678641410843
1500.0,2000.0,1750.0,10,E,0,1531,0.0
2000.0,3000.0,2500.0,10,E,0,1531,0.0
3000.0,4500.0,3750.0,10,E,0,1531,0.0
4500.0,inf,4500.0,10,E,0,1531,0.0
0.0,50.0,25.0,10,G,28,1531,1.8288700195950358
50.0,100.0,75.0,10,G,51,1531,3.3311561071195297
100.0,150.0,125.0,10,G,74,1531,4.833442194644023
150.0,250.0,200.0,10,G,148,1531,9.666884389288047
250.0,400.0,325.0,10,G,92,1531,6.0091443500979755
400.0,600.0,500.0,10,G,33,1531,2.155453951665578
600.0,800.0,700.0,10,G,24,1531,1.5676028739386023
800.0,1000.0,900.0,10,G,6,1531,0.3919007184846506
1000.0,1500.0,1250.0,10,G,10,1531,0.6531678641410843
1500.0,2000.0,1750.0,10,G,1,1531,0.06531678641410843
2000.0,3000.0,2500.0,10,G,0,1531,0.0
3000.0,4500.0,3750.0,10,G,0,1531,0.0
4500.0,inf,4500.0,10,G,0,1531,0.0
0.0,50.0,25.0,10,HE,0,1531,0.0
50.0,100.0,75.0,10,HE,0,1531,0.0
100.0,150.0,125.0,10,HE,0,1531,0.0
150.0,250.0,200.0,10,HE,0,1531,0.0
250.0,400.0,325.0,10,HE,2,1531,0.13063357282821686
400.0,600.0,500.0,10,HE,11,1531,0.7184846505551926
600.0,800.0,700.0,10,HE,33,1531,2.155453951665578
800.0,1000.0,900.0,10,HE,32,1531,2.0901371652514698
1000.0,1500.0,1250.0,10,HE,174,1531,11.365120836054867
1500.0,2000.0,1750.0,10,HE,223,1531,14.565643370346178
2000.0,3000.0,2500.0,10,HE,406,1531,26.51861528412802
3000.0,4500.0,3750.0,10,HE,148,1531,9.666884389288047
4500.0,inf,4500.0,10,HE,226,1531,14.761593729588505
0.0,50.0,25.0,11,E,0,1477,0.0
50.0,100.0,75.0,11,E,1,1477,0.06770480704129993
100.0,150.0,125.0,11,E,0,1477,0.0
150.0,250.0,200.0,11,E,5,1477,0.3385240352064997
250.0,400.0,325.0,11,E,15,1477,1.0155721056194988
400.0,600.0,500.0,11,E,9,1477,0.6093432633716994
600.0,800.0,700.0,11,E,8,1477,0.5416384563303994
800.0,1000.0,900.0,11,E,5,1477,0.3385240352064997
1000.0,1500.0,1250.0,11,E,5,1477,0.3385240352064997
1500.0,2000.0,1750.0,11,E,2,1477,0.13540961408259986
2000.0,3000.0,2500.0,11,E,0,1477,0.0
3000.0,4500.0,3750.0,11,E,0,1477,0.0
4500.0,inf,4500.0,11,E,0,1477,0.0
0.0,50.0,25.0,11,G,21,1477,1.4218009478672986
50.0,100.0,75.0,11,G,41,1477,2.775897088693297
100.0,150.0,125.0,11,G,71,1477,4.807041299932295
150.0,250.0,200.0,11,G,158,1477,10.69735951252539
250.0,400.0,325.0,11,G,123,1477,8.32769126607989
400.0,600.0,500.0,11,G,94,1477,6.3642518618821935
600.0,800.0,700.0,11,G,82,1477,5.551794177386594
800.0,1000.0,900.0,11,G,19,1477,1.2863913337846988
1000.0,1500.0,1250.0,11,G,35,1477,2.3696682464454977
1500.0,2000.0,1750.0,11,G,15,1477,1.0155721056194988
2000.0,3000.0,2500.0,11,G,1,1477,0.06770480704129993
3000.0,4500.0,3750.0,11,G,0,1477,0.0
4500.0,inf,4500.0,11,G,0,1477,0.0
0.0,50.0,25.0,11,HE,0,1477,0.0
50.0,100.0,75.0,11,HE,0,1477,0.0
100.0,150.0,125.0,11,HE,0,1477,0.0
150.0,250.0,200.0,11,HE,0,1477,0.0
250.0,400.0,325.0,11,HE,2,1477,0.13540961408259986
400.0,600.0,500.0,11,HE,11,1477,0.7447528774542992
600.0,800.0,700.0,11,HE,91,1477,6.161137440758294
800.0,1000.0,900.0,11,HE,59,1477,3.9945836154366963
1000.0,1500.0,1250.0,11,HE,301,1477,20.379146919431278
1500.0,2000.0,1750.0,11,HE,262,1477,17.73865944482058
2000.0,3000.0,2500.0,11,HE,416,1477,28.165199729180774
3000.0,4500.0,3750.0,11,HE,129,1477,8.733920108327691
4500.0,inf,4500.0,11,HE,279,1477,18.88964116452268
0.0,50.0,25.0,12,E,0,1525,0.0
50.0,100.0,75.0,12,E,0,1525,0.0
100.0,150.0,125.0,12,E,0,1525,0.0
150.0,250.0,200.0,12,E,3,1525,0.19672131147540983
250.0,400.0,325.0,12,E,11,1525,0.7213114754098361
400.0,600.0,500.0,12,E,12,1525,0.7868852459016393
600.0,800.0,700.0,12,E,16,1525,1.0491803278688525
800.0,1000.0,900.0,12,E,7,1525,0.45901639344262296
1000.0,1500.0,1250.0,12,E,9,1525,0.5901639344262295
1500.0,2000.0,1750.0,12,E,5,1525,0.32786885245901637
2000.0,3000.0,2500.0,12,E,0,1525,0.0
3000.0,4500.0,3750.0,12,E,1,1525,0.06557377049180328
4500.0,inf,4500.0,12,E,0,1525,0.0
0.0,50.0,25.0,12,G,34,1525,2.2295081967213117
50.0,100.0,75.0,12,G,45,1525,2.9508196721311477
100.0,150.0,125.0,12,G,76,1525,4.983606557377049
150.0,250.0,200.0,12,G,148,1525,9.704918032786885
250.0,400.0,325.0,12,G,138,1525,9.049180327868852
400.0,600.0,500.0,12,G,82,1525,5.377049180327869
600.0,800.0,700.0,12,G,95,1525,6.229508196721312
800.0,1000.0,900.0,12,G,36,1525,2.360655737704918
1000.0,1500.0,1250.0,12,G,109,1525,7.147540983606556
1500.0,2000.0,1750.0,12,G,37,1525,2.4262295081967213
2000.0,3000.0,2500.0,12,G,7,1525,0.45901639344262296
3000.0,4500.0,3750.0,12,G,0,1525,0.0
4500.0,inf,4500.0,12,G,0,1525,0.0
0.0,50.0,25.0,12,HE,0,1525,0.0
50.0,100.0,75.0,12,HE,0,1525,0.0
100.0,150.0,125.0,12,HE,0,1525,0.0
150.0,250.0,200.0,12,HE,0,1525,0.0
250.0,400.0,325.0,12,HE,1,1525,0.06557377049180328
400.0,600.0,500.0,12,HE,19,1525,1.2459016393442623
600.0,800.0,700.0,12,HE,96,1525,6.295081967213115
800.0,1000.0,900.0,12,HE,59,1525,3.8688524590163933
1000.0,1500.0,1250.0,12,HE,325,1525,21.311475409836063
1500.0,2000.0,1750.0,12,HE,335,1525,21.9672131147541
2000.0,3000.0,2500.0,12,HE,509,1525,33.377049180327866
3000.0,4500.0,3750.0,12,HE,148,1525,9.704918032786885
4500.0,inf,4500.0,12,HE,312,1525,20.45901639344262
