year,month,n_profiles,median_850,q25_850,q75_850,n_850,median_700,q25_700,q75_700,n_700,median_500,q25_500,q75_500,n_500
1999,10,21,-0.4852896572641778,-0.6202424584155669,-0.07469375560203166,21,-0.35360349881356823,-0.5796288505585927,-0.21107695131464205,21,-0.4250889216621843,-0.5655701243406982,-0.3868892366544951,21
1999,11,18,-0.24829489105616998,-0.4132348749736142,-0.19165617919497296,18,-0.24536599703791556,-0.32340153290203083,-0.16750975914235122,18,-0.40389366399447857,-0.4582363883268015,-0.3276085822760651,18
1999,12,19,0.05887547836326253,-0.3322981662331842,1.1790611071859256,19,-0.01861071046387222,-0.41543049735843657,0.20050276413403234,19,-0.306264919155069,-0.4745008885192649,-0.20987096669309818,19
2000,1,21,0.5004609508758044,0.3016177680285155,0.971699259079315,21,0.07549662624451442,-0.09219563914626837,0.19632590099565222,21,-0.21774390650343242,-0.3838685919610779,-0.17861810577677067,21
2000,2,28,-0.08521751880556205,-0.4320958399179615,0.43298251161453805,28,-0.13092970756843927,-0.20298154678543762,0.037374376092876936,28,-0.3419602237251471,-0.39884488553332886,-0.27366899684789364,28
2000,3,21,-0.2502345949327441,-0.6066120715802243,-0.029877502240811232,21,-0.39626926980138155,-0.4790306673554697,-0.2711167204225673,21,-0.4954984847479368,-0.509811677324368,-0.43042571793664647,21
2000,4,18,-0.6812632552079695,-0.7325865499097317,-0.5425774719463301,18,-0.6468103127942353,-0.7677140015264952,-0.562624777138609,18,-0.62214832520991,-0.6745913745219565,-0.5742148421574549,18
2000,5,37,-0.8385177170678912,-0.92834348709022,-0.70482097547223,37,-0.7745419137824201,-0.8342797239451369,-0.7246376811594207,37,-0.7153164296021437,-0.7445843616191021,-0.6880066514238203,37
2000,6,31,-0.7612066535100132,-0.9136746500154449,-0.6352162001634294,31,-0.7831786839192976,-0.8683068017366139,-0.6388821317059896,31,-0.6508742935259432,-0.7272756338322277,-0.5767994230491329,31
2000,7,28,-0.7344880630665228,-0.8816968332105591,-0.5212677231025855,28,-0.7063118646163968,-0.7767246181769523,-0.6392765607966706,28,-0.6262339721478458,-0.659168091684118,-0.5821330714511666,28
2000,8,27,-0.5480757774335784,-0.7140415153278197,-0.34386658126256664,27,-0.5561550593508771,-0.6533667774861356,-0.4790416646559051,27,-0.5896635449184884,-0.6199200991872158,-0.5536549109359638,27
2000,9,28,-0.43170051215870475,-0.6793343700220891,-0.2664786652291925,28,-0.504403160156448,-0.6155717419646782,-0.3739176588812662,28,-0.5682117327646468,-0.6192806503365514,-0.4777875897173462,28
2000,10,31,-0.5447865197009951,-0.7167460470324507,0.05004378831477616,31,-0.42069835927640004,-0.585724948438665,-0.3104410575413461,31,-0.5199856264135794,-0.5869600498504643,-0.4654301964746337,31
2000,11,30,0.07732577518555969,-0.4368178480855472,0.6159711967459429,30,-0.04642107308243139,-0.32756315641920714,0.04500766520363373,30,-0.3481598857321402,-0.43786641718531527,-0.27583558836449,30
2000,12,30,0.4587278722848947,-0.05196523820537237,0.9318787355405185,30,0.24106981365766994,0.055684404821395694,0.36040165475642993,30,-0.14862856370760694,-0.2434837561545383,-0.10267300761030311,30
2001,1,30,0.7218166684802239,0.08490571141749453,1.3843754062134395,30,0.1137818233537195,-0.15867372994690015,0.48292569285030396,30,-0.24943856010403587,-0.40449342895950985,-0.05588205241825463,30
2001,2,27,-0.18478595626732192,-0.45861098744587775,0.25378598073935665,27,-0.12564635383946232,-0.32071357387097765,0.020058297652338877,27,-0.3845631814685788,-0.43868059396103676,-0.29695090801834123,27
2001,3,26,-0.28413201306423375,-0.4749228665210689,-0.09190426575090693,26,-0.3738982022023867,-0.5729189336589251,-0.22128644499441066,26,-0.4839688132760453,-0.5897403327530735,-0.37075827895765956,26
2001,4,29,-0.7065057403591338,-0.8242566970856667,-0.5045683894722472,29,-0.6016252862209852,-0.7145062409032764,-0.5260107876788664,29,-0.5918535585195206,-0.6700627787524577,-0.5193905817174509,29
2001,5,61,-0.7506255212677277,-0.8566275924256068,-0.5718954248366074,61,-0.6674519042010213,-0.7997041556880696,-0.600508459717719,61,-0.6531526770804718,-0.7129247040184977,-0.5879822171231903,61
2001,6,58,-0.7679130942708527,-0.8705328716575984,-0.6461569113716932,58,-0.7549838826377842,-0.8128740710203926,-0.6165334963271063,58,-0.6543345371896615,-0.7041108695210418,-0.5956485457266585,58
2001,7,59,-0.582312264952082,-0.7165273234516139,-0.3675713914134151,59,-0.6575162324319881,-0.7553701334439272,-0.5810139344932426,59,-0.629251367298531,-0.6712265425402375,-0.5629513383902601,59
2001,8,45,-0.5217630097487312,-0.68754774637128,-0.338850514792131,45,-0.5654040726097866,-0.6470986296734904,-0.4520795660036166,45,-0.5646515957985059,-0.5974799361110565,-0.49561243536656063,45
2001,9,57,-0.601142170123234,-0.7111813512445719,-0.3219747786423366,57,-0.5513588608144477,-0.6383071743977627,-0.48021266560905734,57,-0.5911636589919098,-0.6362534626038788,-0.5372329392242274,57
2001,10,62,-0.545701752177525,-0.7471435490011303,-0.27002132938906176,62,-0.49436818477463584,-0.6168487352189229,-0.4158589109470751,62,-0.515773459102776,-0.5880112899005353,-0.4617746930990561,62
2001,11,60,-0.5426822814672472,-0.7194669178096392,-0.27029382552342307,60,-0.356701680866528,-0.5305780623434415,-0.19589912335779347,60,-0.4129794611835212,-0.5465724894103001,-0.35278206419278424,60
2001,12,63,0.32816229116945306,-0.5990904395533458,0.8570935563252762,63,0.0,-0.21245558286733718,0.17668626086423567,63,-0.304884883538458,-0.37918887591671785,-0.2109523402110855,63
2002,1,61,0.054922422078811046,-0.38840752913056803,0.49606069448497303,61,-0.3242263863062024,-0.4527066075900601,-0.12040939193257062,61,-0.4519928776879882,-0.5206773413201243,-0.33548899728518816,61
2002,2,54,-0.3542805891242233,-0.6954140026637634,0.46719611168434216,54,-0.29950834146810834,-0.588050649280136,-0.03180861912363284,54,-0.42009070532468257,-0.5889091539644437,-0.2763637618617806,54
2002,3,54,-0.41604498799881007,-0.7058266855129104,-0.19543126832145385,54,-0.5419840119301396,-0.6765457316674292,-0.3868491166136875,54,-0.5540989682434211,-0.6358385279191592,-0.47269267084255717,54
2002,4,55,-0.6024096385542139,-0.7548596445439915,-0.3683496003780556,55,-0.6338787987771993,-0.7444241657872237,-0.49911104584977944,55,-0.6316981789666288,-0.6746922543984852,-0.566428029389836,55
2002,5,61,-0.6914958146306012,-0.8425890463424005,-0.5959637003927915,61,-0.654132732628659,-0.7436382393397528,-0.5821364833857393,61,-0.638459485537148,-0.685765557905531,-0.5863865510768,61
2002,6,57,-0.7371703997731767,-0.8395644759281172,-0.5945639864099643,57,-0.7302823758519961,-0.802874378992194,-0.6599811433959046,57,-0.6712085785697011,-0.7189516450250941,-0.6391248597531664,57
2002,7,45,-0.5662932414132668,-0.6859382655561024,-0.4572589864092495,45,-0.653650984776812,-0.7375125712370083,-0.5856391105075546,45,-0.6065635311086083,-0.6671772958155278,-0.5636102923603922,45
2002,8,61,-0.4765876325509351,-0.6294850812035757,-0.27382256297918944,61,-0.5991212887764611,-0.6545271460938141,-0.5137979613822813,61,-0.5875089620011152,-0.6182285609352999,-0.515026660203587,61
2002,9,59,-0.5212987786714327,-0.6711003172403991,-0.33176919339130884,59,-0.5578984361272179,-0.6332847832977554,-0.4034999072952733,59,-0.5749434568475347,-0.6273856794623021,-0.5106848643817672,59
2002,10,62,-0.46097778055347194,-0.6700750250400727,0.2405038448297687,62,-0.23840245375318236,-0.34455572985214145,-0.0740395289538676,62,-0.41622567017893913,-0.4636492630457306,-0.35911966432000314,62
2002,11,60,-0.25321576003495827,-0.6190876013211535,0.31501312576020885,60,-0.15582064436366494,-0.35099423157708276,0.14857246993665613,60,-0.36731498384384215,-0.4409796991918824,-0.24578500886283328,60
2002,12,62,-0.10825788156184692,-0.5449073878717584,0.5602570952059579,62,-0.15222106691473095,-0.3622883622208643,0.19468080323407774,62,-0.33325458129699026,-0.4257769965253587,-0.13719697657119084,62
2003,1,62,0.07785648362387788,-0.221563937266258,0.7432106720769781,62,-0.014040479881457457,-0.1853215399077747,0.15030854486653128,62,-0.2681174964049382,-0.333123679435256,-0.21805804092392642,62
2003,2,55,0.08147745790331264,-0.27248440601671203,0.34625131878914595,55,-0.1984501984501979,-0.41434582005696413,0.00952054984105,55,-0.41957729819001455,-0.5015829658674276,-0.2846976398355741,55
2003,3,61,-0.36160420775805197,-0.58515552817986,-0.06197706848466595,61,-0.5337654291569371,-0.6251628028132316,-0.4052772268690182,61,-0.5595558254532832,-0.6166450106811725,-0.4924104562289922,61
2003,4,51,-0.691244239631338,-0.8226574145281715,-0.5135946165880174,51,-0.7400937758573144,-0.8074548694291539,-0.6694822352407284,51,-0.6957206615909683,-0.7319828922321591,-0.6318104506385459,51
2003,5,47,-0.777063236870312,-0.8441238192848931,-0.6143670227254725,47,-0.7265738527164485,-0.8166510922583334,-0.6286355276597,47,-0.6450503139244861,-0.7345607325104007,-0.5800523210750735,47
2003,6,59,-0.7403020432336392,-0.8417419799149375,-0.5642203749468713,59,-0.7035687039077717,-0.8061184325420864,-0.5664419240673106,59,-0.6404079338312049,-0.6778995177578135,-0.5660646291054959,59
2003,7,61,-0.6793643091107565,-0.7688364941055867,-0.5221932114882534,61,-0.6609049313675658,-0.7250556150613835,-0.5907934684499867,61,-0.6171987458836986,-0.6537005929853678,-0.5750120211572366,61
2003,8,57,-0.5389452072372626,-0.6371963361210686,-0.45194736142496045,57,-0.6299480718481295,-0.6685768863419308,-0.5786634180299344,57,-0.6107393372571143,-0.6311107549286745,-0.5860761290584245,57
2003,9,56,-0.4480502814656918,-0.5862480144029186,-0.32434100523612436,56,-0.5440681627286033,-0.5978336344425471,-0.48275550889261293,56,-0.5705301656911457,-0.6109632152263131,-0.5424077775768925,56
2003,10,36,-0.5288617444673485,-0.6644317982248878,-0.3566112290785075,36,-0.491306770998645,-0.5890564078696302,-0.3515966381090864,36,-0.5386699657256417,-0.5855100729842233,-0.4719728830746727,36
2003,11,30,-0.08599982047636963,-0.395404891528197,0.7739015136451246,30,-0.13693249243145889,-0.29176031356459264,0.21767078925193178,30,-0.28403956082789217,-0.40715452923868345,-0.20432946778663025,30
2003,12,31,-0.07719027402546863,-0.44616022804382144,0.4154693951997508,31,-0.17662917170214795,-0.32881401233747815,0.06350509120002135,31,-0.3819709702062643,-0.46146337020922457,-0.2506041124249434,31
2004,1,30,0.051328114974976455,-0.26116085304928316,0.5923443357890832,30,0.009361542782250066,-0.3918200054341759,0.1599225163594326,30,-0.35525185887357424,-0.4643296977795158,-0.21866746963493383,30
2004,2,26,0.6166858984866326,-0.03493364079163959,1.3439946976282537,26,-0.0048419115866941516,-0.16612380400970356,0.25989006145291244,26,-0.2441032449728036,-0.3487409851446545,-0.134214587813657,26
2004,3,30,-0.23273406620899995,-0.561266377323903,0.06178243340913751,30,-0.37899580362134366,-0.5361556468841254,-0.19920778409432147,30,-0.5046984251147137,-0.5430433240420969,-0.3729317855068869,30
2004,4,29,-0.7158955322815901,-0.7944643772424456,-0.576036866359447,29,-0.6572270816218055,-0.711904118230153,-0.5886952122522195,29,-0.6636395389451625,-0.697877289909858,-0.5934462888105276,29
2004,5,31,-0.8196721311475392,-0.9278167662425522,-0.6374740918327075,31,-0.7309149972929069,-0.7892132333693473,-0.6056806013387733,31,-0.6557306094182829,-0.709263985320438,-0.5837900989736509,31
2004,6,28,-0.6772579811175372,-0.8091041102944136,-0.5353036939739159,28,-0.6703159447227904,-0.776402650485507,-0.5955557057037696,28,-0.6179292618611634,-0.6624803723218557,-0.5448802575435895,28
2004,7,30,-0.6257773486107576,-0.7079149767160049,-0.5248828989058447,30,-0.622227396834758,-0.6852550720870566,-0.525878955842336,30,-0.589880752635058,-0.648498319626764,-0.5477697651110965,30
2004,8,31,-0.5182625863770964,-0.6601701648642053,-0.3945305113707638,31,-0.5669332864551302,-0.6416326687130967,-0.465484530591165,31,-0.5601059985545648,-0.6054251324412427,-0.5383416648114794,31
2004,9,28,-0.40496676937183784,-0.5572053267160765,-0.2228008699075243,28,-0.5008048649615461,-0.5914478720660165,-0.3790491513657958,28,-0.5306533633275956,-0.5890205004548567,-0.48254451595739595,28
2004,10,29,-0.460517404848982,-0.5515942418942584,-0.07669691934040214,29,-0.446864962993995,-0.49381508825111337,-0.3580773998071895,29,-0.49775794374477017,-0.5513258072985033,-0.4368830077714762,29
2004,11,29,-0.4202784344628301,-0.5806719203649925,-0.08238363311821607,29,-0.37376191366099804,-0.4542563823021713,-0.16406143189171918,29,-0.46513649800034784,-0.5153390446406942,-0.36031166959419897,29
2004,12,32,0.7334275231049224,-0.10739814583839007,1.3497563945712228,32,0.07622831140645546,-0.18796539767630432,0.305208230776805,32,-0.252834142062483,-0.3607104950329072,-0.14259853640269599,32
2005,1,61,-0.08517887563884075,-0.35290343278793923,0.6920415224913516,61,0.009968102073364665,-0.29679094787609,0.26207740019219006,61,-0.24883499977378623,-0.3962242162918075,-0.15281173594132028,61
2005,2,56,-0.05455163193997175,-0.483777785484314,0.4276359748763883,56,0.004851072086931539,-0.18901383259053797,0.15213230160674154,56,-0.2580868801572288,-0.35110922112592635,-0.17810993673864167,56
2005,3,59,-0.33192901825609894,-0.6626320016798357,0.10621798571731872,59,-0.3594859351127887,-0.6021377990405936,-0.20390550975563967,59,-0.45743661235514504,-0.5533344005806292,-0.3689377148641721,59
2005,4,58,-0.6037260639282909,-0.7216903004234516,-0.42587558740642145,58,-0.5998806800590798,-0.6805091489422882,-0.5147597130083292,58,-0.6118812335699001,-0.6751461834170532,-0.5722953620263023,58
2005,5,60,-0.7040435953134394,-0.8261302942028296,-0.6137078847906388,60,-0.7179597170387134,-0.8076964716501918,-0.6347524318322508,60,-0.6681440856037524,-0.7300592451249125,-0.5923867888690696,60
2005,6,56,-0.712010813188105,-0.8328656420362816,-0.5354179396817285,56,-0.6857673247805374,-0.7590872512704601,-0.587732340124427,56,-0.6327969115472001,-0.6966667240928244,-0.5719009418068052,56
2005,7,42,-0.6533561236596612,-0.7226066214213719,-0.5160968471083313,42,-0.629341301597689,-0.6626493220355404,-0.5631779569468403,42,-0.6014705709230284,-0.6190176739603189,-0.5642935160741585,42
2005,8,59,-0.44091710758377417,-0.5853361936447996,-0.3219205201648214,59,-0.5160402511395888,-0.5969164907769167,-0.4217771298923428,59,-0.5246174252172707,-0.5923746473127741,-0.456572865445605,59
2005,9,60,-0.2754440689728361,-0.4442144216699341,-0.11119692269974954,60,-0.5346186883894323,-0.5997728431323781,-0.403723323322338,60,-0.5646767310356036,-0.619657289790301,-0.49838620233255787,60
2005,10,59,-0.4758883248730964,-0.6553003735883083,-0.20663942797414298,59,-0.5515142870726938,-0.5966954654124391,-0.38349655593063237,59,-0.5476660510730436,-0.6176208431282451,-0.5069225267338235,59
2005,11,58,0.08566907116855701,-0.20533949236849003,0.6240974285151936,58,-0.07183585507116269,-0.3258521497701657,0.033760437727390326,58,-0.3790205893064543,-0.5028436383576604,-0.30316826476646547,58
2005,12,58,0.6010694275770733,0.0,1.4115209450831006,58,0.2668911150679708,0.004754224302917175,0.41436614782171016,58,-0.17065885396260233,-0.29911340425645216,-0.10015081700677947,58
2006,1,62,0.937225162950921,0.03934433601778579,1.288605723648492,62,0.2598833061225556,-0.01872495067669762,0.3751248608162488,62,-0.18554962023656577,-0.3043658901737162,-0.13854830222042253,62
2006,2,54,0.017082336863681977,-0.31787396059964645,0.33052212218679927,54,-0.11098800999039651,-0.2591985142221699,0.09076222354114086,54,-0.34307040653731513,-0.4203373022654735,-0.2460627666989607,54
2006,3,57,-0.1427755568246716,-0.38595137012736397,0.11587485515642856,57,-0.4441440571594085,-0.604465243248512,-0.32917295295569826,57,-0.5077967015683283,-0.5524357393964294,-0.45096342185578303,57
2006,4,57,-0.6138243928476068,-0.689752252252249,-0.45784654246921014,57,-0.6427423674343857,-0.7118113225454372,-0.5572031994248215,57,-0.6141182554731942,-0.6737496760818869,-0.5835782788731795,57
2006,5,59,-0.7159904534606237,-0.8381427423781813,-0.5775974808777825,59,-0.647050488830116,-0.7352895833868641,-0.5240553437270368,59,-0.6502997309834988,-0.696902235624075,-0.5890416770922521,59
2006,6,60,-0.6373537462831496,-0.847236740827318,-0.4455419096470642,60,-0.6691684744571498,-0.7609155810449143,-0.5407567398867488,60,-0.6423383452844552,-0.6721830421541913,-0.5778991968994733,60
2006,7,61,-0.5247376311844063,-0.6902960307978211,-0.3634330444506601,61,-0.6177540831006187,-0.7065170848676886,-0.5692187364213073,61,-0.6132549839291693,-0.6564683208865332,-0.5641210953183976,61
2006,8,61,-0.4018081366147648,-0.5203550658096161,-0.2427839223091387,61,-0.5332986472424538,-0.6086534644731624,-0.47407533954044695,61,-0.5776097458517119,-0.6135096054534185,-0.5192319439636741,61
2006,9,60,-0.42666514082177964,-0.5447174294286247,-0.18783895795665795,60,-0.5265689573589258,-0.6251274434871704,-0.4348207142270707,60,-0.5775107984071624,-0.620443274324676,-0.5287257445496248,60
2006,10,59,-0.35700624760933464,-0.6711062232434194,-0.0698312592251054,59,-0.4514771631454351,-0.5937015447938605,-0.25351327906665105,59,-0.5051674419583664,-0.5848903553370952,-0.419136787718087,59
2006,11,60,-0.012948336138807269,-0.27510919649979665,0.24397910966989922,60,-0.05593959390793163,-0.21482944363477635,0.07817364895065064,60,-0.3593561945380312,-0.43704433895774497,-0.2458059623850278,60
2006,12,61,0.0894988066825767,-0.29099374363451186,0.3701418877236282,61,-0.09517464547444561,-0.2779907975460116,0.01886436521410964,61,-0.36765530073755254,-0.44240936138208686,-0.2964142721259983,61
2007,1,62,-0.32677164238543965,-0.6017215635815719,0.12362634165079332,62,-0.28568335673838785,-0.4344657921077275,-0.11796978870260193,62,-0.4335115560797288,-0.4917692552209251,-0.3322074165278899,62
2007,2,56,0.23433500714781758,-0.06370057767375846,0.6349410254453065,56,-0.13028994613815986,-0.30517125275599294,0.0071380984105836485,56,-0.35509870342249744,-0.40566474304986927,-0.27760084956283687,56
2007,3,61,-0.08766803039158302,-0.39354584809130266,0.3216627489793418,61,-0.33038131510117874,-0.5412214808939472,-0.17579326711786952,61,-0.45732732530768727,-0.5457561997904296,-0.3644148863481073,61
2007,4,37,-0.5788013987700484,-0.7138777841233583,-0.4417448923246806,37,-0.628587045640886,-0.7419960610085644,-0.5439542709629825,37,-0.6069424236125549,-0.6459176676178472,-0.5457196417413037,37
2007,5,59,-0.6803749622013907,-0.7607420664072487,-0.5541137712388129,59,-0.6466574499397939,-0.7756038775890144,-0.5654363772031972,59,-0.6326488280439744,-0.6929693406358772,-0.5550930501328806,59
2007,6,60,-0.7216634906759818,-0.837839060884229,-0.5268631308040033,60,-0.7170375833204788,-0.8087583027727452,-0.5657524848470632,60,-0.642280887602886,-0.6895442860160396,-0.5775550628248046,60
2007,7,62,-0.6720108239033858,-0.8068901809061855,-0.5623461446514664,62,-0.6454621041913704,-0.735315517881545,-0.5244659472270965,62,-0.5757368780935157,-0.648074072334934,-0.5226508843807928,62
2007,8,60,-0.5001605575964889,-0.6024857620434564,-0.3635639547368288,60,-0.5591144568896546,-0.6037583034554043,-0.4594737903953926,60,-0.5489273497695797,-0.5954751852146893,-0.5125080454450938,60
2007,9,60,-0.31088968246564375,-0.5866819976804277,-0.018908357494011447,60,-0.465331210791217,-0.5915499776599435,-0.39584327344939496,60,-0.5403254638869532,-0.611715362956606,-0.489622467204533,60
2007,10,62,-0.4369333912814432,-0.6278598539217178,-0.29216467408282104,62,-0.5031925285708223,-0.5811308761921739,-0.38168124171479173,62,-0.542018085234765,-0.6117478941087862,-0.48103828598169507,62
2007,11,60,-0.3518243833111674,-0.7195121703936214,0.0,60,-0.31066756197269285,-0.4134528849603041,-0.1593344646153606,60,-0.4206550228666236,-0.4897614733475762,-0.3493281425681148,60
2007,12,59,0.0,-0.5347083439596598,0.8122065951302535,59,-0.13815971262779772,-0.3045106940235895,0.00949264000239726,59,-0.3495033954918489,-0.4624237641616334,-0.26545056544333384,59
2008,1,60,-0.1251155227354812,-0.49674103484516147,0.3085918027655006,60,-0.1947818449014947,-0.34015666303432435,0.03556991265259689,60,-0.36776334891308904,-0.4388649396157954,-0.2459613254484299,60
2008,2,57,-0.054689636313919286,-0.47196002220988414,0.3156233561283542,57,-0.23166380947968307,-0.3992015968063882,-0.09463871669900155,57,-0.4126869322895611,-0.4662945277647008,-0.3523742809229658,57
2008,3,61,-0.24264482863208484,-0.5537865152983525,0.07629704984740178,61,-0.399600399600399,-0.5693889691510146,-0.29056969270053684,61,-0.4892680125082437,-0.5670013850415516,-0.41957729819001455,61
2008,4,56,-0.7007598833123734,-0.7934273188555071,-0.5183947873101475,56,-0.6983053659806453,-0.7793036538488367,-0.5224958848866059,56,-0.6184832781992777,-0.6751148276052454,-0.5845050245579745,56
2008,5,59,-0.7261853908586107,-0.8564418741979158,-0.5943051346689496,59,-0.6995188023525213,-0.7940507306639186,-0.6115712675629792,59,-0.6576386470262849,-0.7066955810150641,-0.6115468076210584,59
2008,6,60,-0.6969008733934974,-0.8387407336906496,-0.4985478176191245,60,-0.725865818661709,-0.7812380901474354,-0.6779586596151885,60,-0.6934919379980315,-0.7409637002897289,-0.6605660812040807,60
2008,7,60,-0.6010348664365375,-0.7544813978554425,-0.45447503054945426,60,-0.6127508456325165,-0.6556230738530311,-0.5476209107930895,60,-0.5920127992184537,-0.6305799503602443,-0.5458897136984466,60
2008,8,58,-0.5242582722710911,-0.6622348721360459,-0.27381620956356817,58,-0.5643547013684531,-0.6462654791030931,-0.5185696675376095,58,-0.5817423544595683,-0.6040591178333996,-0.5394310563527757,58
2008,9,59,-0.46462232842161166,-0.6221470740135335,-0.2264630816930126,59,-0.5510734911607812,-0.6018519253525358,-0.3934752064357049,59,-0.5253235611853674,-0.5878768098719107,-0.4662251171101588,59
2008,10,61,-0.47335677576413304,-0.6103350061033501,-0.18807092960773478,61,-0.5288159899614596,-0.5923000987166841,-0.458631443771785,61,-0.5725989384896608,-0.6186285614707677,-0.4843717656799835,61
2008,11,60,0.16577402660884477,-0.4611796398126077,0.7317695061165075,60,-0.09938992387352322,-0.3112748795228283,0.1146034512430872,60,-0.40319106169590396,-0.5137839439374596,-0.2467009328501334,60
2008,12,61,0.3023177695666797,-0.18102824040550322,0.6610009442870614,61,-0.03544057059318689,-0.16655389579971833,0.22198584840216357,61,-0.2574357559876796,-0.3981020715195005,-0.1655484882809095,61
2009,1,61,0.3919372900335957,-0.18104228630544128,0.8181004729643367,61,-0.010033612602217036,-0.2072246032119804,0.2438583815028904,61,-0.3046621897058506,-0.40170393095989615,-0.20405387022173851,61
2009,2,53,0.45703839122486284,-0.276625172890732,0.7536930961712389,53,-0.06801729582665333,-0.24244775250933423,0.17662917170214665,53,-0.34718203911584306,-0.3822398321873908,-0.23210659048809348,53
2009,3,61,-0.20371785077667015,-0.48899755501222314,0.1452854859799506,61,-0.3169572107765461,-0.5230599004174421,-0.14427932477276006,61,-0.45365119777803486,-0.5366234004494795,-0.38110610442307263,61
2009,4,59,-0.6735626653836928,-0.7719820452162491,-0.4987655242324214,59,-0.6821796266845214,-0.7423212564808572,-0.6030432211958625,59,-0.6529790832601848,-0.6888818448500122,-0.6056509873930284,59
2009,5,60,-0.7091368000684327,-0.8682359793085469,-0.5382640258836157,60,-0.6456349393496001,-0.7730037046899381,-0.5504316453868165,60,-0.6405630657798529,-0.7066699734215484,-0.5759140276568657,60
2009,6,58,-0.7270005116177991,-0.8982420120621073,-0.6200751380617175,58,-0.7587667422885097,-0.8214922215695286,-0.652109735527112,58,-0.6893654546612717,-0.7203618629973192,-0.5914936822377188,58
2009,7,61,-0.643086816720251,-0.7490636704119865,-0.5530208765380896,61,-0.6727985011071372,-0.7482038855588157,-0.605958592829489,61,-0.6405651340996161,-0.6644985144141978,-0.5739084585589418,61
2009,8,59,-0.41168146146918677,-0.5791561943434331,-0.24924355907319296,59,-0.552486187845303,-0.6199074957170935,-0.4978157851317845,59,-0.5538270068450527,-0.5998491964299464,-0.5268203505812145,59
2009,9,60,-0.33333017117894603,-0.524193414289383,-0.08159941568951036,60,-0.5351575026003643,-0.5892031517650123,-0.44954263896151425,60,-0.5578705349984067,-0.6052182116826393,-0.5156551227314006,60
2009,10,62,-0.5076366955931437,-0.7280927768808031,-0.25999359648535597,62,-0.4651899852601087,-0.5558986339311943,-0.3691288100149182,62,-0.5138307199291775,-0.5728171590477107,-0.4688827985620696,62
2009,11,60,-0.1284689330368443,-0.46256740750046843,0.1850697662031235,60,-0.1967367406966974,-0.36138190138800763,-0.05123923884546716,60,-0.4070024891573498,-0.46156276802239,-0.3535480332614448,60
2009,12,62,0.558968863611856,0.13050719122006418,1.0260026536466627,62,0.2592859552671306,0.12619372232249887,0.41419359386482196,62,-0.17952320032760496,-0.2680459991833347,-0.13041119401453047,62
2010,1,59,0.5739365293720468,-0.42719420070568126,1.5562664273109879,59,0.06878592836436916,-0.22511954873158957,0.48167176940740086,59,-0.24759546709837107,-0.36905029748874735,-0.0708646568447586,59
2010,2,56,-0.14067170654638117,-0.5145628219550024,0.40463267694064603,56,-0.1787950878679499,-0.3484560590397874,0.2098999630690031,56,-0.39585090804538425,-0.44324453384839424,-0.20795577366086643,56
2010,3,62,-0.0437238806399148,-0.4613607785216986,0.22830942860510114,62,-0.33489513224730133,-0.5541297713023817,-0.0982212487236479,62,-0.4614728554638361,-0.579795163804018,-0.3570128542788543,62
2010,4,60,-0.587179946645654,-0.798767049052985,-0.4930766167680781,60,-0.6518346425397439,-0.7342799434017903,-0.5188425724793184,60,-0.580931398842333,-0.6534727221865357,-0.5216157844136186,60
2010,5,62,-0.6920711481884527,-0.8072850613862779,-0.5472714762880433,62,-0.6851458845352598,-0.7620926093517335,-0.5287596222304258,62,-0.6270792436143904,-0.7097143110006142,-0.5497015402108486,62
2010,6,59,-0.6577066056619995,-0.7949631185732717,-0.5110990055594832,59,-0.6309424703150321,-0.6996680204010735,-0.5290417050736584,59,-0.5841965791375576,-0.6252406788057061,-0.5275749263979952,59
2010,7,60,-0.6799907880142068,-0.783132883899218,-0.4864024694293796,60,-0.6622663611769952,-0.7472275435189153,-0.5271183358747621,60,-0.6281169200602585,-0.6771084684869069,-0.5459583037584871,60
2010,8,62,-0.4738872114966972,-0.5883581987027015,-0.20532053742708958,62,-0.5340145235754838,-0.6384824765478279,-0.4634224296979933,62,-0.5572198746169736,-0.6058618328060219,-0.525334674949326,62
2010,9,60,-0.48636101800183107,-0.6917982619276306,-0.3240717556525535,60,-0.5289316193822817,-0.6210476793279193,-0.38384032834004106,60,-0.5297649339330224,-0.6027209503835653,-0.46788003334683403,60
2010,10,62,-0.43345440317368944,-0.6482291653854975,-0.1399508316267059,62,-0.48108798767481964,-0.641557999196235,-0.3117220196412741,62,-0.5175866013010819,-0.61403844992311,-0.4463348036126862,62
2010,11,60,-0.007637767936564019,-0.5387297478183196,0.5213985447997274,60,-0.2884009867909875,-0.4806338287512377,-0.12441085220322168,60,-0.4485864679731204,-0.5009955126630563,-0.34484296618142984,60
2010,12,62,0.6076614666626821,-0.021570319240723536,1.2309213940463397,62,0.22298352904039703,-0.08621990871740984,0.4985844794348039,62,-0.18665922890428893,-0.28551116818786393,-0.04805830607545982,62
2011,1,61,0.09128251939753451,-0.27089259108763375,0.5568703884170959,61,0.08336034826100987,-0.18146350315292836,0.25523977813773213,61,-0.22703457911281882,-0.3414104241026893,-0.15666397880428481,61
2011,2,56,-0.0723931161847904,-0.5412629028892234,0.7015577485569229,56,-0.2400180026402079,-0.5320870163772383,0.04816954569261057,56,-0.35650805665410984,-0.5165060520375917,-0.2126974849701767,56
2011,3,62,-0.33270609723059363,-0.6241930595318178,-0.06666747745628455,62,-0.4672436859652698,-0.6312387983113606,-0.32954331554853816,62,-0.5235166323234384,-0.5992803840487442,-0.4493975798250612,62
2011,4,59,-0.6041502495403234,-0.780164753605008,-0.40438832977582334,59,-0.7003824173935466,-0.7523474116007135,-0.6003723414317426,59,-0.6135917187189613,-0.6704671683210992,-0.5593544030825631,59
2011,5,62,-0.6825237777646522,-0.8399455216534412,-0.5637711577967925,62,-0.6889256632802543,-0.7957887975728868,-0.5257515001716124,62,-0.6764315662819445,-0.7228538305766985,-0.5885860906177612,62
2011,6,59,-0.7413743940690032,-0.8639304504623408,-0.6131737544959157,59,-0.7283481945793238,-0.7946363586137577,-0.6400788246465019,59,-0.664458661619797,-0.7193263295254103,-0.6206227031914726,59
2011,7,62,-0.5918299662765237,-0.7559631557616597,-0.4488663931103569,62,-0.7019995366875291,-0.7575291647057145,-0.5836211581294087,62,-0.6441603297540117,-0.6799041029822138,-0.5949581893643552,62
2011,8,61,-0.42587170614852166,-0.5739955078612385,-0.24476475387543573,61,-0.5634664104132101,-0.6275882679417661,-0.48752272351677456,61,-0.576794640869442,-0.6147795487476712,-0.5267133089521386,61
2011,9,60,-0.5535181767518458,-0.7268621582303182,-0.4606852215408395,60,-0.5670157254973541,-0.6449321195427223,-0.5222920711706917,60,-0.5773334827041221,-0.6125902243084961,-0.5278528460351811,60
2011,10,62,-0.5650336764724353,-0.6950767131835345,-0.3903449340600792,62,-0.5310772686621583,-0.64478192994624,-0.4110618540190897,62,-0.548307460870834,-0.600203521101943,-0.47795073554605283,62
2011,11,60,-0.11626572105576874,-0.4042683971730148,0.3965109636690604,60,-0.16427331629957886,-0.3211908474573631,0.0023569341001224266,60,-0.37672929453084847,-0.45272561406124145,-0.29793088493240805,60
2011,12,62,0.049106672577426944,-0.2815782925573478,0.586404106078711,62,0.004487726069201118,-0.1454820338215414,0.16893728762738244,62,-0.2888448159229444,-0.3619568838020763,-0.21012586667738753,62
2012,1,62,0.5994252351917311,0.0481828193832601,1.192458636017951,62,0.206582780582789,-0.07950744371460536,0.35150199411650906,62,-0.2060367526828099,-0.3102457346722414,-0.1584411655175092,62
2012,2,58,-0.29883949731745396,-0.6206982784561839,-0.007170514842966337,58,-0.21765044959398017,-0.3358341462731206,-0.08651576875765088,58,-0.378943523718212,-0.4620023119907539,-0.2991656913569145,58
2012,3,62,-0.18495474429786868,-0.5873925882773942,0.11855431722304198,62,-0.4424412292286811,-0.5917412680540499,-0.22747426616160898,62,-0.46764238410436426,-0.5591965464021295,-0.380160213535121,62
2012,4,60,-0.6767633202318732,-0.7725284706871784,-0.4100825755153443,60,-0.556272018263668,-0.7137272942915115,-0.458013716635734,60,-0.5548830094700553,-0.6450151313952478,-0.4816283373224711,60
2012,5,62,-0.703154630940724,-0.8405251000054793,-0.5605715970035696,62,-0.6556768239721886,-0.7461451418025569,-0.49667666588920034,62,-0.6231866275399337,-0.684328420245063,-0.5400083793587038,62
2012,6,59,-0.47314880529926656,-0.6767655332093523,-0.3460696878247144,59,-0.6720082708710247,-0.751263283237942,-0.48679263967601827,59,-0.6522050254543963,-0.7024253795117217,-0.537627149434272,59
2012,7,59,-0.453696290365623,-0.6405873502935362,-0.31284529404753325,59,-0.5820921075158372,-0.6705670590007526,-0.5227663103973301,59,-0.5733022207917605,-0.615833595019428,-0.5297011119134736,59
2012,8,61,-0.4765687053216868,-0.6341537067794034,-0.3156233561283509,61,-0.5732599079173056,-0.6362534626038777,-0.47836579900017334,61,-0.5638230978830435,-0.6183190106895835,-0.4875439715290787,61
2012,9,60,-0.30825241580396623,-0.612794081860999,-0.044693340931540156,60,-0.515487616399614,-0.5831975316763982,-0.42113160947967965,60,-0.5588121993279317,-0.6061002445466966,-0.5152196816179966,60
2012,10,61,-0.610771793448081,-0.6992101514955297,-0.07432181345225128,61,-0.2950260452680579,-0.4787833270747273,-0.12159191881400952,61,-0.42051964212920245,-0.5019360390076002,-0.33972649866689625,61
2012,11,58,0.28996183999071357,-0.04648280136349616,0.6560677650102473,58,-0.06623933758942557,-0.22432451244697157,0.07212492048073411,58,-0.33250943174589465,-0.38346960192081836,-0.269749400953942,58
2012,12,61,0.21493820526598523,-0.37934053107674626,1.1186340889019712,61,0.08553913415387458,-0.15360245763932304,0.3825188868700392,61,-0.21765746156985494,-0.34540744443939436,-0.12198309662803855,61
2013,1,62,0.49646960362772785,0.09586671479535036,0.9401011712484162,62,0.1831051974740721,-0.038878050703138184,0.33573037740979333,62,-0.22753393098581293,-0.33801616144415514,-0.15565391863876388,62
2013,2,56,0.06019213321680615,-0.2401994332912602,0.42249650734692334,56,-0.15475484755565178,-0.3677628417049252,0.07707937625588146,56,-0.3840361449049511,-0.4813620664570175,-0.27331539888739076,56
2013,3,61,-0.1850872554204099,-0.6644518272425246,0.03113809746224329,61,-0.2736752701363663,-0.5089058524173036,-0.09432182607055273,61,-0.41907711930032343,-0.5345006335675612,-0.30381354010792183,61
2013,4,60,-0.6185064163378682,-0.765510153254626,-0.47038777720314484,60,-0.5748647039388237,-0.7424243527773882,-0.47737737663920066,60,-0.5769609442478214,-0.6752716733311291,-0.5221390924128362,60
2013,5,61,-0.8151810771081072,-0.9387078961899518,-0.6002400960384153,61,-0.6884905170174086,-0.757372053419377,-0.5332986472424562,61,-0.6259037388969217,-0.7043999173724436,-0.5756899059638195,61
2013,6,58,-0.716190164774183,-0.8608132801014597,-0.5738672814293988,58,-0.6771966159446643,-0.7975950029394533,-0.5769520685283305,58,-0.6419106241871608,-0.7057835324004829,-0.5784591340820399,58
2013,7,58,-0.5899905086769676,-0.7180235631837695,-0.5047263422608121,58,-0.5794914541217333,-0.6824807370472555,-0.4844094957880054,58,-0.5538670719027432,-0.6267475475506333,-0.5001334140457042,58
2013,8,59,-0.3634330444506596,-0.5349635182810356,-0.16143168013385084,59,-0.47815973119669264,-0.555346172965185,-0.40053471747392744,59,-0.5248243933588763,-0.5636102923603922,-0.4769316730523634,59
2013,9,59,-0.5032149846239817,-0.6187720990035358,-0.20147168800846754,59,-0.5176915458719726,-0.6355019458248188,-0.4542211166741822,59,-0.5394709435534265,-0.5979319547746879,-0.5025803127920074,59
2013,10,60,-0.35252190413699025,-0.6297897146774599,0.0,60,-0.3873188574060433,-0.4926685901564596,-0.23214631079526496,60,-0.4760206499184052,-0.5281655658598841,-0.398660150524879,60
2013,11,58,0.2829604580296497,-0.3769539148646792,0.7494051698659656,58,-0.16221067289513919,-0.5380196284091784,0.018793729083044084,58,-0.4030532800381737,-0.5460378195993434,-0.2723787746317842,58
2013,12,62,0.47074712794001106,-0.28166941303460236,1.2036025951535065,62,-0.03774502084630362,-0.38032149369834367,0.3532809010882393,62,-0.3471385219672669,-0.48303116999394835,-0.12897551583631284,62
2014,1,59,0.378310214375789,-0.2146308082381109,0.7767500100287594,59,-0.038714672861013495,-0.2540937944934505,0.20799761223690363,59,-0.2939408110094192,-0.43492179984809304,-0.1741289831113068,59
2014,2,56,0.2954976529778854,-0.14721088946520153,0.6664738557032657,56,-0.14482986773070058,-0.31957674763666033,0.16847035154892998,56,-0.32352889004398466,-0.38983398008569714,-0.18398790214321964,56
2014,3,62,-0.17644758524386706,-0.6068295900887299,0.26568458151933044,62,-0.43275570205595904,-0.6512839036491834,-0.11308882661754635,62,-0.5121350562583191,-0.5949668614594286,-0.3968608487885531,62
2014,4,59,-0.47601611131453403,-0.6613714542967317,-0.2599927226935281,59,-0.6248884127834317,-0.7112623327369731,-0.4421444700095897,59,-0.6063472950890167,-0.6623048398436884,-0.5530286630597451,59
2014,5,61,-0.7193166491832774,-0.8862244233024905,-0.5837285662167038,61,-0.7230565182047651,-0.8019960791302799,-0.5732893047147312,61,-0.6740283952387777,-0.7326236693800869,-0.5969840941954149,61
2014,6,59,-0.706802978669699,-0.8186974259825754,-0.5908960623511872,59,-0.6865774116031584,-0.7719240147546321,-0.5876853347952062,59,-0.6243517942335608,-0.6913867391862678,-0.5725132413058633,59
2014,7,60,-0.4755118425333692,-0.5908012718719386,-0.37215010641859575,60,-0.6008400705335963,-0.7099086632828886,-0.4861189773113047,60,-0.6037166766893194,-0.6429529020802378,-0.5294856537388097,60
2014,8,60,-0.2963836582223389,-0.5107789075920987,-0.12884556133482855,60,-0.548260071772584,-0.6125198928517173,-0.46564408645252076,60,-0.5776085419794545,-0.6045766752037611,-0.5194127380254794,60
2014,9,58,-0.40305471932798165,-0.5937125106779435,-0.21995108345413317,58,-0.4412281632034196,-0.588833716210729,-0.3335609043885621,58,-0.5073095897131119,-0.5862311250968831,-0.4518410991392524,58
2014,10,61,-0.5091103965702051,-0.7241691452217794,-0.05048592704783614,61,-0.4467537512747072,-0.6141618497109824,-0.26627612834509384,61,-0.5111305400497675,-0.5912015301686661,-0.4260128673274212,61
2014,11,60,-0.14793842599838006,-0.6400186279927669,0.41424490697737415,60,-0.3110136185004855,-0.45243468149858673,-0.06239425089977309,60,-0.4443557366298382,-0.559828770151378,-0.3186165005682399,60
2014,12,62,0.3740828268063779,-0.1524865098425388,0.9805001166324184,62,0.11400655597571084,-0.12168439634305686,0.3195439361672654,62,-0.2214542188007935,-0.3693627242972495,-0.11577020992909723,62
2015,1,31,-0.05381407237992812,-0.4614867180257083,0.2525408940924253,31,-0.17947385821565262,-0.39986602163388746,-0.037990309557612456,31,-0.38920079629588217,-0.5015920924212315,-0.3060412162622091,31
2015,2,28,0.2308788644375953,-0.2666345682905014,0.9388327027200183,28,-0.17999428693974395,-0.4282145098430261,0.14975572170839355,28,-0.3675969938621778,-0.5154128624178327,-0.25062769640393184,28
2015,3,31,-0.2609603340292275,-0.56961370367834,0.14412030331641842,31,-0.5079308501158454,-0.6969509675900547,-0.17305853881976285,31,-0.5597214210942344,-0.6762124357237265,-0.43121494691517803,31
2015,4,60,-0.6394517869522476,-0.7850968215390406,-0.43674489461830607,60,-0.6429671264496108,-0.7242463256695135,-0.5358582876523121,60,-0.6250891608249829,-0.6823040752225134,-0.5505815832425818,60
2015,5,61,-0.8287292817679582,-0.8887065901011757,-0.6740283952387766,61,-0.7004532344458183,-0.7792918014856683,-0.6165387600241446,61,-0.6956114786530238,-0.7242197013394855,-0.6335641667894504,61
2015,6,57,-0.732045942193615,-0.8864741206748702,-0.6566850538481743,57,-0.7295023272466861,-0.8025754965085719,-0.5733996326658608,57,-0.6561788449596361,-0.7083749920228044,-0.5962418694290531,57
2015,7,60,-0.6937464377952864,-0.81529943325621,-0.5499878316938234,60,-0.7006713397372977,-0.7552392641849622,-0.6378517685568612,60,-0.6316478580717179,-0.6644985144141978,-0.6101100248921357,60
2015,8,61,-0.44593088071349224,-0.5664958187213361,-0.1000875766295525,61,-0.5204428174480664,-0.5893909626719037,-0.4757135703555324,61,-0.5772320631583128,-0.6211425078382269,-0.5231055097754087,61
2015,9,58,-0.36592075991188444,-0.49543163713588534,-0.10011495247726901,58,-0.4636658979646685,-0.5828867020796433,-0.34191742585899176,58,-0.5547540184105184,-0.6039410862057435,-0.49578356037251226,58
2015,10,62,-0.5909625349949854,-0.8329538840735161,-0.36975703207931515,62,-0.4178210162553238,-0.5932250536098614,-0.23449186920031356,62,-0.4890404319212401,-0.540024789571135,-0.404801950320183,62
2015,11,60,-0.14766507636412532,-0.5942968590586992,0.1905125810027474,60,-0.19956460968928827,-0.33789208986663855,-0.051689061471015776,60,-0.39086607739951185,-0.46097805188033947,-0.3054949916556587,60
2015,12,62,-0.20050547502236565,-0.4913868541497242,0.3578868834375221,62,-0.25837605422459264,-0.517661720027384,-0.011825580494912837,62,-0.44948254692159273,-0.5576074433065199,-0.3042483271243793,62
2016,1,60,-0.5691467976652793,-0.8092104922609754,0.10358683646268144,60,-0.11444582189130585,-0.319598689038437,0.14829154515033244,60,-0.3358618039325558,-0.4570454901062733,-0.2115366917368433,60
2016,2,58,-0.26586380198955767,-0.7360074867378252,0.08293702321664703,58,-0.17388965495423564,-0.3281197468360768,-0.021578225015557954,58,-0.37918366658170827,-0.47057365360443315,-0.29811605467377006,58
2016,3,61,-0.40386557046011945,-0.7106442144291709,-0.061218243036421365,61,-0.47098071922680773,-0.6282317691973133,-0.31678463594515693,61,-0.5466223295221609,-0.6312490343655498,-0.476940579329658,61
2016,4,59,-0.56056877221766,-0.7279784065858774,-0.3275475066750242,59,-0.63425904951751,-0.7399608388969217,-0.494888520579133,59,-0.6074445208060841,-0.7082034553701348,-0.5502440304898237,59
2016,5,62,-0.7538227817553222,-0.8774947450584066,-0.6450571443039429,62,-0.71658226229271,-0.8120421308572158,-0.5653325689233755,62,-0.6472876445477083,-0.7245545217132305,-0.5667847664800344,62
2016,6,59,-0.7061379684953814,-0.8458613736271823,-0.5445767784930109,59,-0.6775126224485387,-0.7740815882116475,-0.571335784554299,59,-0.6520389153384387,-0.7182872417470442,-0.5882259789941477,59
2016,7,61,-0.6457564575645741,-0.7264899771290239,-0.5057226510513649,61,-0.5898710710373304,-0.6520605112154406,-0.5075697908462399,61,-0.5634997576345125,-0.5953953384405927,-0.5038946438609174,61
2016,8,60,-0.522414007493143,-0.6920870084160216,-0.2932852729079433,60,-0.5327991759400905,-0.5988994921141404,-0.4172812525686867,60,-0.5663754528454259,-0.5986299397255765,-0.49887173122689965,60
2016,9,59,-0.27897245147042127,-0.645691992344938,-0.07448858050494742,59,-0.46229151559100745,-0.5948231983565733,-0.3648511156153924,59,-0.5369155129497437,-0.580771708525254,-0.4938834430334299,59
2016,10,62,-0.7574462538215276,-0.8254347156958601,-0.6368823930133967,62,-0.4476522100498167,-0.5640489426923677,-0.30984536015582115,62,-0.4983499124360017,-0.5365445912137179,-0.4541174333512708,62
2016,11,60,0.014764506127269466,-0.4058657116052454,0.5535573673450463,60,-0.19790166223180256,-0.38772984297896096,-0.05501497700041996,60,-0.3963464538733254,-0.462001139771234,-0.321158355137234,60
2016,12,60,-0.1839688621297837,-0.4794874309570856,0.5000720006004232,60,-0.2359603737593106,-0.41283643406236126,0.0023524983532510605,60,-0.4172562017710654,-0.4800575121824287,-0.30565038395459876,60
2017,1,62,-0.044957290573956185,-0.398981543284277,0.5712455007849191,62,-0.1966225587642065,-0.4645447862600657,0.13948942772488224,62,-0.39052608955481594,-0.5277505953866607,-0.23313864872481982,62
2017,2,55,-0.14590020426028594,-0.41295086007853277,0.6026260012399367,55,-0.13420245398773042,-0.39417838032681607,0.004463488662738543,55,-0.37352525850681,-0.47333015905944154,-0.2676429672869113,55
2017,3,62,-0.4557340941780259,-0.696204781723688,-0.07003445009846132,62,-0.5293075123335766,-0.6158118996304792,-0.2553882507089607,62,-0.5455314438898708,-0.6011838707404609,-0.44037779854329545,62
2017,4,59,-0.6766281364533424,-0.8238688124267384,-0.5188540841501598,59,-0.7141850303058773,-0.7745184932343033,-0.6396743457330725,59,-0.64517507316969,-0.7024675398132922,-0.6131267053416206,59
2017,5,62,-0.7987949640700982,-0.9088821167315501,-0.63847643024786,62,-0.6642740677410963,-0.7989174421341204,-0.506831108067112,62,-0.6123554270203366,-0.712919617616199,-0.5581256165976083,62
2017,6,58,-0.7195647104776132,-0.866122638326584,-0.5182884606334677,58,-0.7364562212661856,-0.8587821915726689,-0.6262725053283285,58,-0.671256553151762,-0.7516393447457295,-0.6233569664622005,58
2017,7,61,-0.5622715771717737,-0.6854949273375376,-0.4253622225176112,61,-0.6114627739740793,-0.6610784652609728,-0.5552284007739542,61,-0.597441261667203,-0.6404079338312049,-0.5502700959445287,61
2017,8,60,-0.48121387350162304,-0.6021190744942531,-0.33534269808508044,60,-0.546269523420394,-0.6103727233179863,-0.4798338967927363,60,-0.5678328009049316,-0.6115677482133034,-0.5270020243468976,60
2017,9,58,-0.4401068039139959,-0.6125247309096737,-0.2379591302323426,58,-0.4535972825813825,-0.5241203582630861,-0.37195116790554833,58,-0.5197313299044859,-0.5666246298496894,-0.47913767387974215,58
2017,10,62,-0.6025000180485192,-0.746166764818864,-0.19863407143922637,62,-0.49024381631293096,-0.6367536076157642,-0.32604414144725136,62,-0.5400451871456997,-0.6180219061457922,-0.4475571085503827,62
2017,11,60,-0.4338310503198902,-0.6201892613072049,-0.09264467524499914,60,-0.22877355829057977,-0.4546519428004939,-0.09655866177091527,60,-0.3714852121874105,-0.47761726465533333,-0.3053092161572556,60
2017,12,62,0.35097301756843646,-0.2161545689686477,1.3794460595476996,62,0.1456853216059537,-0.10658339384290899,0.3837101981935513,62,-0.2565542474409477,-0.34091932991921103,-0.16849032754687,62
2018,1,62,0.04140614831226563,-0.5076083272038743,0.5061569611973534,62,0.004418327221313759,-0.31197443916121004,0.2108196783398991,62,-0.2876174136979605,-0.44486833059175424,-0.232539915399757,62
2018,2,55,0.0,-0.2556164417564236,0.5335200835509015,55,-0.10987501716797168,-0.264960543670163,0.023831774116792367,55,-0.34758272017334,-0.4275627586612133,-0.291535816130052,55
2018,3,62,-0.3476834147341869,-0.6317035616258456,-0.04401862028974653,62,-0.4529808178918949,-0.6364285536884029,-0.2790939576628273,62,-0.5227370555868583,-0.5944454431166919,-0.40727649677227307,62
2018,4,60,-0.5973697844093886,-0.7577753024908901,-0.3495358853281145,60,-0.6211110059380893,-0.7113923149056534,-0.495562769688872,60,-0.6103611034362592,-0.6657594931197384,-0.521254735386246,60
2018,5,62,-0.6851356055851696,-0.8150165028643286,-0.42441333151852073,62,-0.6044875569954895,-0.7634346314374186,-0.48265566526317066,62,-0.6019124829276394,-0.6723396568690462,-0.5620998428739268,62
2018,6,60,-0.6926649502150606,-0.8027310676706205,-0.5371693524507404,60,-0.6757838703931248,-0.7598953570041951,-0.60967602933997,60,-0.6406576482068485,-0.6966261514384839,-0.6213097383018231,60
2018,7,62,-0.6190067940783182,-0.7585050419939563,-0.48365841492827855,62,-0.6351152436570822,-0.7332525087418305,-0.5414409263853822,62,-0.6006685974800996,-0.6411003282142866,-0.5371567385646727,62
2018,8,62,-0.48094559022203454,-0.5734701843753882,-0.3410368461198454,62,-0.5686814788719105,-0.6228742646482341,-0.5147226029670565,62,-0.5724376269906795,-0.5972611821310743,-0.542032548090026,62
2018,9,60,-0.4394608980439787,-0.5645240503009157,-0.14418555471155203,60,-0.4569339425182213,-0.5796842373066559,-0.40624336070991907,60,-0.5261838949516303,-0.5796314704563279,-0.4788712519429819,60
2018,10,62,-0.49874046922184134,-0.6411850671442526,-0.17245948990985813,62,-0.3837678840255663,-0.5263104765813436,-0.19863965050000607,62,-0.48278840047089,-0.565405483303502,-0.4173044313054063,62
2018,11,60,0.1999656744897533,-0.3352640145920088,0.763533912074013,60,-0.0921812251099761,-0.27399077133633154,0.036595370980379086,60,-0.3533890505423376,-0.42602950959404984,-0.3051217490470425,60
2018,12,62,0.013453518094981074,-0.33664179174883924,0.3821722008634826,62,0.0,-0.267139111643829,0.1711003191446568,62,-0.2897746564653629,-0.42227499740728797,-0.21478526287653968,62
2019,1,62,-0.05550546649760445,-0.3919310325699097,0.4905736742910169,62,-0.21653659534042743,-0.38399010081319773,0.03423961635306427,62,-0.38245046228650054,-0.46227657000219863,-0.2729431485578099,62
2019,2,56,-0.4577215348702247,-0.7210668240960979,-0.049238348809916795,56,-0.36295369589744997,-0.5270257049412854,-0.0758490125700925,56,-0.45240124035074103,-0.5541650706282845,-0.30114311440227004,56
2019,3,62,-0.1827987737569241,-0.3588147739407754,0.20310587756914006,62,-0.3928806699524764,-0.5702620337994967,-0.29872242318737685,62,-0.5121132382535978,-0.5631171049304032,-0.4636603268377627,62
2019,4,59,-0.6541933795629988,-0.730644637936355,-0.45944411735796487,59,-0.7106780494345852,-0.7885080723562334,-0.6265542384379497,59,-0.6517749794342842,-0.7062911861979235,-0.5968382138620224,59
2019,5,61,-0.7739524953295984,-0.8585994097129027,-0.6134114038756495,61,-0.7063756095337921,-0.8155178768890522,-0.6166681781082782,61,-0.6771529856290738,-0.7354665416018249,-0.6180261131852606,61
2019,6,60,-0.6396602236993905,-0.7740120654685384,-0.5295936686807672,60,-0.725105247839563,-0.7661674974995749,-0.6487842504064422,60,-0.6752727870225865,-0.7005955004409691,-0.6341896913879463,60
2019,7,60,-0.5340140257830717,-0.6736562674223258,-0.3773205021943336,60,-0.5942487049000011,-0.6427481173900023,-0.5066893946822096,60,-0.5892698938717033,-0.6147707521246921,-0.5555836064291388,60
2019,8,62,-0.3983161081154608,-0.5100908186842672,-0.2775494246474395,62,-0.5670810821128665,-0.6167606583957497,-0.4999193173753996,62,-0.5821342123970896,-0.6153288973947515,-0.5407563444844256,62
2019,9,59,-0.4477827531417049,-0.6086359327181322,-0.20734972866289014,59,-0.5525583014270792,-0.5967252127156832,-0.40802668443308787,59,-0.5476660510730437,-0.6015594526383514,-0.485458952647171,59
2019,10,61,-0.4946893641786669,-0.6927606511950121,-0.298750678978822,61,-0.4602451509885884,-0.5811004012359899,-0.37257824143070045,61,-0.5343906223064985,-0.5797873430169425,-0.491294604378555,61
2019,11,60,-0.334986725024088,-0.6659584885019352,-0.02067824648469986,60,-0.17636035987654686,-0.2843240625813733,0.08442412936344985,60,-0.3522434240186169,-0.41477556523385484,-0.25291278672137696,60
2019,12,62,-0.06329673216229939,-0.3896714399478475,0.5373743093953649,62,-0.07509286416368295,-0.269399587073874,0.14179889944808988,62,-0.3294007709379744,-0.41198217031483286,-0.21879810454022186,62
2020,1,62,-0.24203443193832785,-0.5596035337412619,0.1606042700895935,62,-0.39362132130906613,-0.5066796146784449,-0.2530696453639897,62,-0.47674984498049366,-0.5168795394927557,-0.41140645654797475,62
2020,2,57,-0.36014405762304624,-0.6680687863417087,0.2649325626204229,57,-0.22530980097634284,-0.5019622159350174,0.009143693137657942,57,-0.42309662190749764,-0.5311670051554447,-0.3259409342171908,57
2020,3,61,-0.3112033195020766,-0.5919220055710365,-0.02974862412613274,61,-0.42587422514550566,-0.6636412433513892,-0.33133557472104397,61,-0.528806630079765,-0.6358714433820988,-0.45140613009524666,61
2020,4,60,-0.6187920087973799,-0.7781433292490553,-0.3718061768562466,60,-0.6010026756280782,-0.7265809724905172,-0.5082889522680418,60,-0.6110551757130079,-0.6474462040527688,-0.552660732971309,60
2020,5,61,-0.7350641226149497,-0.8597528210639486,-0.5359056806002143,61,-0.7132230681718741,-0.8060924556871811,-0.6399928392409601,61,-0.6441398455799431,-0.7051295544002195,-0.6066498974825084,61
2020,6,59,-0.7677543186180456,-0.9170638797766514,-0.60899038707252,59,-0.7612486178446872,-0.8287705143356096,-0.7117191295609729,59,-0.7091910345248014,-0.7349052272877766,-0.6764315820051248,59
2020,7,60,-0.6068999780515588,-0.7933250496179565,-0.45001521052352433,60,-0.6695085714112746,-0.7189770583426863,-0.5619550295976007,60,-0.6024153152561817,-0.6631482010705776,-0.5563387039205592,60
2020,8,62,-0.5163323769090002,-0.6500953595603132,-0.3935258679422249,62,-0.5939680902660214,-0.6770742736951854,-0.4910282572193685,62,-0.5768331973413742,-0.6113956535298295,-0.5347552648283889,62
2020,9,60,-0.2299851702133276,-0.5033896388774111,0.012235409274439535,60,-0.4518431080420566,-0.5382401677267517,-0.3836664638932615,60,-0.5364064957035385,-0.588114252768098,-0.4904286302006767,60
2020,10,62,-0.4963306940508595,-0.6769544978557978,-0.07740167912516757,62,-0.44794464673569745,-0.544975478492961,-0.34249127092229137,62,-0.5284644558222774,-0.5561413470999175,-0.47961715032428726,62
2020,11,58,-0.44407489682970863,-0.7181677018633535,-0.14264283519727097,58,-0.37875696060744446,-0.5971629971311142,-0.1834255623237759,58,-0.4506363963627573,-0.5665864778161667,-0.37848954231206755,58
2020,12,62,-0.3472840638561868,-0.6798450434086085,0.30336371269544976,62,-0.20185972198476063,-0.4809734515473531,0.045792869080706115,62,-0.3466014001807589,-0.5186026580934875,-0.25079778732643626,62
2021,1,62,0.3872007317557963,-0.21346550706030631,0.7571376059536815,62,0.11019353803216278,-0.11110363929850767,0.24026433584604012,62,-0.21989777192113064,-0.3398906807172438,-0.1445896998556027,62
2021,2,55,0.23513604299630592,-0.33604825858379905,0.8868421956460754,55,0.09536070185476564,-0.0441556495292847,0.1676341658788989,55,-0.23924524895048063,-0.29669775639123747,-0.18305219296020703,55
2021,3,62,-0.3549532751592881,-0.6726890404618451,-0.09078578321753747,62,-0.48611128934748854,-0.6325847669630968,-0.28637824874713974,62,-0.5094732669643536,-0.6262257159214941,-0.40341918384532066,62
2021,4,60,-0.647185316983234,-0.7651099687117447,-0.47920483647534656,60,-0.6096013767978234,-0.6753769473814387,-0.4849926678131328,60,-0.5644457409932864,-0.6358527524515968,-0.5016009499358898,60
2021,5,61,-0.7327720611163151,-0.8677486742728552,-0.5788507694479692,61,-0.757844353837973,-0.8007687379884689,-0.662251655629137,61,-0.6700062617407632,-0.7383392595691279,-0.6112161310649022,61
2021,6,58,-0.6399490595516469,-0.7923748791964584,-0.4884042824538521,58,-0.6913861073051735,-0.7748272608041965,-0.5752833195420588,58,-0.6530663966505564,-0.7029652338459402,-0.5726045848936844,58
2021,7,62,-0.6161366181224086,-0.7448735545777522,-0.44820256457669744,62,-0.5718081478080699,-0.730052869053431,-0.49740999005238995,62,-0.5710068918949658,-0.6491388058591416,-0.5156301864316922,62
2021,8,62,-0.5622295536178743,-0.6666621888346185,-0.37338935259098266,62,-0.5665845848100158,-0.6261248698564853,-0.4700824536881475,62,-0.5635559796194485,-0.5883699004200638,-0.5147358613883323,62
2021,9,56,-0.36864638739167727,-0.5920509950948856,0.050718722585144774,56,-0.4401547545614351,-0.5255025317859282,-0.375713110273467,56,-0.5348692515784943,-0.578621574810173,-0.491869622586932,56
2021,10,62,-0.5924283491291218,-0.6999902917148628,-0.4381445523023868,62,-0.5656589867044943,-0.6326961694296762,-0.43439823797511096,62,-0.5711559815852678,-0.6146860811185673,-0.4941854332100721,62
2021,11,60,-0.16460699319245597,-0.45788575230722506,0.6884613242801608,60,-0.30848497964516797,-0.4875858998882494,-0.03569002404538252,60,-0.45110564843535983,-0.5375372511613166,-0.2739128430995616,60
2021,12,62,-0.13094275581904438,-0.4270884423964652,0.3006606714603867,62,-0.09051527715211612,-0.31725471331771227,0.0774617210778335,62,-0.3071706741497743,-0.41577096786595613,-0.21569874371988923,62
2022,1,62,0.41325514070141,-0.11965451141784562,1.0970645266038526,62,-0.004583608155820106,-0.17941284210769726,0.21772631543192486,62,-0.31703699283640996,-0.3909971805317726,-0.1824977391625486,62
2022,2,56,0.013274923669188149,-0.3239761188658614,0.7517635574971471,56,-0.05563476016943532,-0.23049592978233982,0.10162329983385933,56,-0.3267065915152324,-0.3978417556658649,-0.2556086435626348,56
2022,3,61,-0.08805400645729296,-0.5538704998021876,0.11968880909635117,61,-0.4619590836240225,-0.5969287055312186,-0.291572610985703,61,-0.5586716030771275,-0.628711142158575,-0.45267761003801604,61
2022,4,59,-0.6395906619763351,-0.756224953187298,-0.5047856737230066,59,-0.7325310374351914,-0.7839705133086914,-0.6277899763093568,59,-0.6879018992074178,-0.7398041284952996,-0.6057178067893769,59
2022,5,62,-0.694295581056525,-0.810385812657396,-0.6048234275415785,62,-0.6438955616057436,-0.757573422886248,-0.5286641899157045,62,-0.6126747707192144,-0.6777905338103182,-0.5411964518342318,62
2022,6,58,-0.7887228891993469,-0.8479949013588403,-0.6176378819296939,58,-0.7550523530518845,-0.8304948767205236,-0.6810600167854808,58,-0.6719565608552655,-0.729879080620496,-0.6401377999969584,58
2022,7,62,-0.54261725442264,-0.6819063644164294,-0.4060232840904703,62,-0.6544864205546088,-0.7048274546564528,-0.5908815363466449,62,-0.6053590053770068,-0.6345572641297055,-0.5685687700588182,62
2022,8,62,-0.5644110400007638,-0.6823151872382609,-0.4091022232197843,62,-0.5755460913060781,-0.6483338425354418,-0.5135627906739794,62,-0.585471051576971,-0.6242155224956004,-0.5548661939824395,62
2022,9,58,-0.5644390351492888,-0.7554240220885344,-0.3736399792390537,58,-0.6005543549584238,-0.6665519322502127,-0.5024761872090926,58,-0.5804654189239739,-0.6175116504620344,-0.5226934292757364,58
2022,10,62,-0.6251329406378858,-0.7014024401562676,-0.4047914467712507,62,-0.542152055673554,-0.6235754444144372,-0.4553367276500336,62,-0.5414827586000648,-0.5926775629335141,-0.5001747842919528,62
2022,11,60,-0.11841736215863372,-0.6290654674799644,0.467420563287596,60,-0.3250520247491796,-0.5493444052814616,0.1983486303298987,60,-0.4528536333370483,-0.5527243151300786,-0.21320058050790563,60
2022,12,62,0.13423806174574882,-0.4764210986088379,0.8687079279002283,62,0.028271215191066696,-0.2986077848068095,0.3604103614165886,62,-0.2513162719474859,-0.4359290367442972,-0.10632325033683677,62
2023,1,61,0.15691197238349286,-0.25553662691652274,0.6968641114982587,61,-0.08766376077533643,-0.34241549674705274,0.17721768238653135,61,-0.3371435169149063,-0.44488383588729563,-0.16744809109176156,61
2023,2,56,-0.2705151051688029,-0.6250371873317216,0.05675584659530203,56,-0.3207340016879635,-0.46310389918464134,-0.17598234098002818,56,-0.4470910089630129,-0.5214710016777762,-0.34741493499222975,56
2023,3,62,-0.407103703707401,-0.6527262437406534,-0.18234409055373438,62,-0.47280522321557394,-0.5945399587580554,-0.34112660972095793,62,-0.5229835607132943,-0.5896552015811946,-0.449378229421898,62
2023,4,60,-0.6719532975631317,-0.803192124945475,-0.46478221633877664,60,-0.709078643870007,-0.8109337327671766,-0.4433359947304429,60,-0.6426589068588859,-0.6928520538774239,-0.5097311492239317,60
2023,5,62,-0.7984056089965694,-0.9138893370991661,-0.6428895762499441,62,-0.7611167919821129,-0.8735343001754141,-0.5579441563226766,62,-0.6725445694008331,-0.7454930700900996,-0.5627893212707944,62
2023,6,59,-0.8170411438576046,-0.9283633634339471,-0.6476181905337546,59,-0.7571296374190292,-0.8229773916663281,-0.6354604257200365,59,-0.6631880825300727,-0.6978336416678815,-0.6089038888561578,59
2023,7,62,-0.5873274266770534,-0.7938442078148755,-0.3640930748279343,62,-0.6628045216435996,-0.7244278558128274,-0.5740055969180977,62,-0.635844689616383,-0.6655086025876067,-0.5816130222289709,62
2023,8,62,-0.5179418552511614,-0.6429084685364634,-0.29533317365968065,62,-0.6039895933869818,-0.6953698901300658,-0.5404275947798778,62,-0.590795187817666,-0.6429169619362088,-0.5416722917011685,62
2023,9,60,-0.4823561222018449,-0.680658992598109,-0.2530170143856517,60,-0.5267936622531486,-0.5891563910715527,-0.37771292850734517,60,-0.5251353593706458,-0.5820424646912313,-0.4850497754882651,60
2023,10,62,-0.684855444210426,-0.7861271185180677,-0.23044256264732169,62,-0.505098988084745,-0.6602334936106201,-0.3978655978561827,62,-0.543996680856071,-0.58558254070848,-0.45697763801438385,62
2023,11,58,-0.4268945917263171,-0.7616174515076743,-0.19980242703579865,58,-0.24946432220258075,-0.4314351763226251,-0.16148870897297374,58,-0.421238668473656,-0.5211722196942259,-0.3037597840434243,58
2023,12,61,0.19141372709871166,-0.2668801708033093,0.6521030322791,61,-0.018229047987968924,-0.15257712296762466,0.21102346379942805,61,-0.24431072705062618,-0.36981235447198985,-0.16664414718731715,61
2024,1,61,-0.07581501137225098,-0.37593984962406046,0.3736571695469416,61,-0.17827960184222225,-0.3838219066353212,-0.009185688697009536,61,-0.3772212880061808,-0.4851947580828006,-0.24829849025650097,61
2024,2,58,0.1421342096497642,-0.5111129470776152,0.53830765890015,58,-0.1273513357596035,-0.3720867318445765,0.04041039087703993,58,-0.34325989310394356,-0.44189226159750383,-0.27215877054065696,58
2024,3,62,-0.39930318829767364,-0.7119564908284335,-0.0069608798552133035,62,-0.4818671890428991,-0.6036823590399395,-0.23762589775460502,62,-0.5299868176176048,-0.6390085761097964,-0.401907132873621,62
2024,4,60,-0.6462501987782517,-0.8199582997807813,-0.402738187786128,60,-0.5115630857120849,-0.6132102841325537,-0.4113714320078359,60,-0.575950528898757,-0.6279513341796019,-0.49830219376745905,60
2024,5,61,-0.8287292817679586,-0.930038867295945,-0.7093113231880319,61,-0.7202290417822323,-0.8350636453913514,-0.6320790735163101,61,-0.6726503240579829,-0.7250568064449486,-0.6113481500350254,61
2024,6,59,-0.8461259518916957,-0.9172535020804333,-0.7060546398874105,59,-0.7716693084174522,-0.8400420341273369,-0.6597081937385083,59,-0.697449271926184,-0.7511379083501715,-0.6411141535597977,59
2024,7,62,-0.6624270822932539,-0.8594243067650243,-0.49985394276605466,62,-0.6423865801017732,-0.7237854101687302,-0.5605547205005214,62,-0.6106275305871531,-0.650624925508851,-0.5514419016815527,62
2024,8,62,-0.469850040143247,-0.672597875388978,-0.31223208005312963,62,-0.5795822038160559,-0.6252648119469635,-0.5299537993638226,62,-0.5756527660888053,-0.6014155608335505,-0.5383693231232666,62
2024,9,60,-0.6379796525702583,-0.730068511980819,-0.47856608526708283,60,-0.5723483423853883,-0.6151994915404422,-0.48604948532133724,60,-0.5686725101106189,-0.6160692252087284,-0.5135259181852341,60
2024,10,62,-0.6564957124023544,-0.7818724565435738,-0.4308646302908933,62,-0.5649670450167765,-0.6675805464727675,-0.43359093866486226,62,-0.5709149845588393,-0.6333427827138876,-0.5185719583326273,62
2024,11,60,-0.24693161239754352,-0.6331607917787314,0.1848192316933261,60,-0.3398935364111991,-0.5031584020147705,-0.15195106991521995,60,-0.4607869824110943,-0.5470793693295866,-0.3793656080202532,60
2024,12,62,-0.3252883138955877,-0.5603623411266452,0.21908303940531834,62,-0.14801961274245673,-0.3806584713424877,0.03793591924321518,62,-0.3734157221981513,-0.477328382243583,-0.29345431508258984,62
2025,1,62,0.4563521147741421,-0.2195136254042622,1.0280047361654367,62,-0.009571601225410203,-0.4279360748137831,0.26454828123422625,62,-0.3046668745516579,-0.4829641275501944,-0.1931207565375361,62
2025,2,56,0.17430162290753015,-0.39920444452999093,0.8127308688076235,56,-0.09837518950635935,-0.40888680321767146,0.11000453608894228,56,-0.3664496287649214,-0.4531866207668944,-0.2681315955451852,56
2025,3,61,-0.0606612071580233,-0.4714016341923318,0.214720267207445,61,-0.3544280184675649,-0.5616617440565532,-0.21201753963282444,61,-0.47504863593177393,-0.5870751731413106,-0.38067734313468105,61
2025,4,59,-0.6711409395973187,-0.8329119176487716,-0.48966771441233437,59,-0.6033615859790258,-0.6918196020432541,-0.48860768368474683,59,-0.5990265818045674,-0.6782319919498067,-0.5440708158362085,59
2025,5,61,-0.7424721572940984,-0.8727669439519947,-0.6002233389168078,61,-0.6743912374400305,-0.7889971544364927,-0.5157810060095601,61,-0.6424301729456066,-0.6884280539727601,-0.5865516407320802,61
2025,6,60,-0.7810450382159608,-0.9049270792901354,-0.5907345922997731,60,-0.6855003450694084,-0.7761411060353721,-0.5985417866503745,60,-0.6243412657945466,-0.6819162573750489,-0.5812597434973518,60
2025,7,62,-0.5774923874013889,-0.6691068910421741,-0.45416932512938313,62,-0.6188458491771267,-0.6937941282484409,-0.54521645796753,62,-0.5867925455297706,-0.6270364022429838,-0.5463212050648514,62
2025,8,59,-0.5010647626205688,-0.6243875516770756,-0.28229377236134146,59,-0.6007393715341963,-0.679745855297995,-0.5367859852313033,59,-0.5994594704435994,-0.6330137816419544,-0.5517391287056672,59
2025,9,59,-0.5395198273536552,-0.6629426664749896,-0.2366103310134346,59,-0.5635339029267421,-0.6510026309112398,-0.49120407215401884,59,-0.5889376859403775,-0.6323028980760805,-0.5402872815273487,59
2025,10,62,-0.5027513225533906,-0.7350144585132523,-0.1708003067883405,62,-0.459102569254906,-0.5349689053106528,-0.3451351038927709,62,-0.5063005248068728,-0.5753185775557941,-0.46329219828487744,62
2025,11,60,-0.3200966926629922,-0.6387128112764464,0.37708746976889074,60,-0.32786965939478574,-0.48827828454725913,-0.10207940815749822,60,-0.4555011476475227,-0.548522906839563,-0.32155430969498827,60
2025,12,61,0.5639760310186797,-0.0358166189111772,1.0947763528307788,61,0.10575397779166547,-0.22423710636638364,0.27827088231060704,61,-0.2753577393581002,-0.4054115610622696,-0.15799214553333632,61
2026,1,51,0.6034369670733339,0.09324196733457138,1.118990915576061,51,0.21502360585238134,0.07822813614705931,0.40246493708171366,51,-0.1972784540542966,-0.28575801938299933,-0.12589424688545428,51
2026,2,50,-0.09462225640648755,-0.5419989779503581,0.46592843794810884,50,-0.08672334573919555,-0.33762102825414647,0.15632750828437364,50,-0.2869594927534293,-0.47776705565558686,-0.20826356024787235,50
2026,3,62,-0.06905129638768365,-0.4805739629373563,0.2647929767385109,62,-0.35193899391350325,-0.5438853493704134,-0.1687815275176083,62,-0.471536375421267,-0.5924063364601013,-0.3839896699947179,62
2026,4,58,-0.6347078860274704,-0.7510850952232325,-0.42929099851874547,58,-0.602645373030904,-0.661042668254677,-0.5117206237855959,58,-0.6114467172714529,-0.6502538511122079,-0.5478833098547605,58
2026,5,60,-0.7023243497760876,-0.8621717373705812,-0.5384295618869808,60,-0.7371938588969749,-0.8400957892146554,-0.6596568037919063,60,-0.677682493202259,-0.7463131788897212,-0.6130650868194982,60
2026,6,58,-0.7387189415442242,-0.8729549318817797,-0.6129614016319587,58,-0.7142625162698595,-0.7988944579403877,-0.6267937826988795,58,-0.6473329154110831,-0.7114417048557229,-0.5817690205957908,58
2026,7,38,-0.6234047286150612,-0.7248846285753632,-0.4232079497779269,38,-0.625329491715431,-0.6931352692976093,-0.5374061956652278,38,-0.5817563610245824,-0.6058347006573515,-0.5434205980447464,38
